smiles,Td
COC1=C(OC)C(=CC(=C1)C(O)C1=NC2=C(N1)C=CC=C2)[N+]([O-])=O,323.15
CN(CC(N=[N+]=[N-])=O)[N+]([O-])=O,329.15
CC1=CN([C@H]2CC[C@@](CO)(O2)N=[N+]=[N-])C(=O)NC1=O,330.65
O=[N+](C1=NON=C1C([N+]([O-])=O)[N+]([O-])=O)[O-],331.15
O=[N+](C1=NON=C1N[N+]([O-])=O)[O-],338.15
[O-]/[N+](C1=NON=C1N[N+]([O-])=O)=N\C2=NON=C2N[N+]([O-])=O,343.15
[N-]=[N+]=NC(=O)C1C2=CC=CC=C2OC2=C1C=CC=C2,345.15
O=[N+](C([N+]([O-])=O)([N+]([O-])=O)C1=NN(C([N+]([O-])=O)[N+]([O-])=O)N=N1)[O-],346.15
N/C(NO)=C([N+]([O-])=O)/[N+]([O-])=O,348.15
[H]C([N+]([O-])=O)([N+]([O-])=O)C1=NC(/N=N/C2=NNC(C([H])([N+]([O-])=O)[N+]([O-])=O)=N2)=NN1,353.15
OCCC1=C(CO)C=C(C=C1)[N+]([O-])=O,353.65
CCCC1=C(OCCCOC2=CC=CC(NC(=O)C3=NN=NN3)=C2C#N)C=CC(C(C)=O)=C1O,354.15
O=C(N=[N+]=[N-])CCC([N+]([O-])=O)([N+]([O-])=O)[N+]([O-])=O,358.15
NC1=[NH+]N=NN1/N=[N+]([O-])/[O-],358.15
O=[N+](C([N+]([O-])=O)C1=NN=C(C([N+]([O-])=O)[N+]([O-])=O)O1)[O-],359.15
CN[N+]([O-])=O,359.15
CC(C)C1CC(NC(=O)OC(C)(C)C)(NN1)C(=O)OCC1=CC=C(C=C1)[N+]([O-])=O,361.15
O=[N+](C([N+]([O-])=O)C1=NN(C([N+]([O-])=O)[N+]([O-])=O)N=N1)[O-],361.15
OC(=O)CCCCCN1C(=O)C2=CC=CC(N=[N+]=[N-])=C2C1=O,361.65
O=C(CN(CC([N+]([O-])=O)([N+]([O-])=O)[N+]([O-])=O)[N+]([O-])=O)N=[N+]=[N-],362.15
CN1C(=O)C(C)(C)C2=CC(COC(=O)N3CCN(C[C@@]4(C)CN5C=C(N=C5O4)[N+]([O-])=O)CC3)=CC=C12,363.15
[O-]/[N+](C1=NON=C1N[N+]([O-])=O)=N/C2=NON=C2N[N+]([O-])=O,363.15
C(OC1=CC(OCC2=NC3=CC=CC=C3C=C2)=CC=C1)C1=CC=C(C=C1)C1=NN=NN1,364.15
[O-][N+]1=C(C2=[N+]([O-])ON=C2N[N+]([O-])=O)C(N[N+]([O-])=O)=NO1,364.55
OC(=O)N(CCC1=CC=C(OCC2=NN=NN2)C=C1)OCC1=CC=CC=C1,368.15
CCCCCC1=C(N(C(C)=O)C2=CC=CC=C12)C1=CC2=CC=C(OCC3=NN=NN3)C=C2C=C1,368.15
CCCCCC1=C(N(CC2=CC=C(C=C2)C(C)(C)C)C2=CC=CC=C12)C1=CC2=CC=C(OCC3=NN=NN3)C=C2C=C1,368.15
CCCC1=NC(=C(N1CC1=CC=C(C=C1)C1=C(C=CC=C1)C1=NN=NN1C(C1=CC=CC=C1)(C1=CC=CC=C1)C1=CC=CC=C1)C(=O)OCC1=C(C)OC(=O)O1)C(C)(C)O,371.65
CC[C@H](C)[C@H](OCC1=CC=CC=C1)[C@H]1[C@@H]([C@@H](N[C@]1(C)C(O)=O)C1=CC=CC=C1)[N+]([O-])=O,371.65
O=[N+](NC1=NON=C1N[N+]([O-])=O)[O-],372.15
CCCCCNC1=NC(OC2=CC=C(C=C2)[N+]([O-])=O)=C2N=CN(CC(O)=O)C2=N1,374.15
CC(C)(NCCCNC(C)(C)C(CCN1C=CN=C1[N+]([O-])=O)=NO)C(CCN1C=CN=C1[N+]([O-])=O)=NO,375.15
CC(C)(CCCN1C=CN=C1[N+]([O-])=O)NCCCNC(C)(C)C(CC(=NO)N1C=CN=C1[N+]([O-])=O)=NO,375.15
CN1C(=O)N(C)C2=C(C(=CC=N2)N=[N+]=[N-])C1=O,378.15
O=[N+](C([N+]([O-])=O)([N+]([O-])=O)C1=CC=CC(C#N)=N1)[O-],379.15
O=[N+](NN1C(C2=NN=NN2N[N+]([O-])=O)=NN=N1)[O-],380.15
CN1C(N[N+]([O-])=O)=NC([N+]([O-])=O)=N1,381.15
CCOC(=O)C1=CC=C(C=C1)C1=C(OCC2=CC=C(C=C2)C2=C(C=CC=C2)C2=NN=NN2)C=C(CC)N=C1CC,381.65
CCCCC1=NC(CCCC)=C2CCCC(N12)C1=CC=C(C=C1)C1=C(C=CC=C1)C1=NN=NN1,383.65
CC(=O)OC[C@H]1O[C@@H](OC2=C(N(CC3=CC=C(C=C3)[N+]([O-])=O)C=N2)C(N)=O)[C@H](OC(C)=O)[C@@H](OC(C)=O)[C@H]1OC(C)=O,384.15
OC(CN1C2=CC=CC=C2C2=C1C=CC(=C2)[N+]([O-])=O)CN1CCNCC1,385.15
COC1=CN=C(CN=[N+]=[N-])C=C1O,385.65
CC1=NC(N2CCC3=C(CC2)C=CC=C3)=C(C(=O)N1CCO)[N+]([O-])=O,386.15
[N-]=[N+]=NC(=O)C1=NC(=NO1)C1=CC=CC2=CC=CC=C12,387.15
O=C(NC(N[N+]([O-])=O)=O)NCC([N+]([O-])=O)([N+]([O-])=O)[N+]([O-])=O,387.15
O=[N+](C([N+]([O-])=O)([N+]([O-])=O)C1=NC=CC=C1)[O-],387.15
CCOC(=O)C1=C(N=[N+]=[N-])C2=CC=C(C)N=C2N=C1,387.65
CC(C)(C)OC(=O)N=[N+]=[N-],387.65
CCCCCCCCCCCCCCCCNC1=CC=C(C=C1)C1=NN=NN1,388.15
OC(C(O)=O)C1=CC=CC2=C1OC(=C2C1=CC=CC=C1)[N+]([O-])=O,388.65
CN1N=NC(N([N+]([O-])=O)CN([N+]([O-])=O)C)=N1,389
NC(=O)C1=C(C=C(N=N1)C1=CC=CC=C1)C1=CC(=CC=C1)[N+]([O-])=O,389.15
NC1=C([N+]([O-])=O)N(NCC([N+]([O-])=O)([N+]([O-])=O)[N+]([O-])=O)N=C1[N+]([O-])=O,389.15
O=[N+](C(CNN1N=NN=C1)([N+]([O-])=O)[N+]([O-])=O)[O-],389.15
CN(CC(NN)=O)[N+]([O-])=O,389.15
O=[N+](C1=C([N+]([O-])=O)N(N[N+]([O-])=O)C(C2=NC([N+]([O-])=O)=C([N+]([O-])=O)N2N[N+]([O-])=O)=N1)[O-],389.15
COC1=CC=CC(=C1)C1=C(N=C(N1)C1=CC=C(C=C1)[N+]([O-])=O)C(O)=O,390.15
O=[N+](C1=NN(NCC([N+]([O-])=O)([N+]([O-])=O)[N+]([O-])=O)C(N=[N+]=[N-])=C1[N+]([O-])=O)[O-],390.15
O=[N+](C([N+]([O-])=O)C1=C([N+]([O-])=O)NN=C1)[O-],390.15
O=[N+](C1=NN2C(N(N[N+]([O-])=O)C3=C([N+]([O-])=O)C([N+]([O-])=O)=NN3C2)=C1[N+]([O-])=O)[O-],390.15
CC1N=C(C([N+]([O-])=O)([N+]([O-])=O)[N+]([O-])=O)N([N+]([O-])=O)C1,390.43
O=C(OC1N=C(C([N+]([O-])=O)([N+]([O-])=O)[N+]([O-])=O)N([N+]([O-])=O)C1OC(C)=O)C,391.26
O=C(CNC(=O)C1=CC(=CC=C1)C1=NN=NN1)N(CC1=CC=CC=C1)[C@H]1[C@H](CC2=CC=CC=C2)CCC2=CC=CC=C12,392.15
CC(=O)C1=C(C)C(N2C=CCC(=C2)C(O)=O)=C(COCCN=[N+]=[N-])C2=C1OCO2,393.15
CC1=C(C=CC(=C1)[N+]([O-])=O)C(O)C1=NC=CC=C1,393.15
O/N=N/C1=NN=NN1CCN2N=CC=C2,393.15
NC(CCC([N+]([O-])=O)([N+]([O-])=O)[N+]([O-])=O)=O,393.15
[NH2+]=C(N)C([N+]([O-])=O)([N+]([O-])=O)C1=NN=N[N-]1,393.15
[H][C@]12CCCC[C@]1([H])N=C(C([N+]([O-])=O)([N+]([O-])=O)[N+]([O-])=O)N2[N+]([O-])=O,393.31
O=[N+](C1=NN(N[N+]([O-])=O)C(C2=NC([N+]([O-])=O)=NN2N[N+]([O-])=O)=N1)[O-],394.15
[O-][N+](=O)C1=CC=C(C=CNC(=N)C=CC2=CC=CC=C2)C=C1,395.65
NC1=CC(=CC(N)=C1)C(=N)NC=CC1=CC=C(C=C1)[N+]([O-])=O,396.65
CCOC1=NC2=C(N1CC1=CC=C(C=C1)C1=C(C=CC=C1)C1=NN=NN1)C(=CC=C2)C(=O)OCC1=C(C)OC(=O)O1,396.65
CN([N+]([O-])=O)CN1N=NC(N([N+]([O-])=O)CN([N+]([O-])=O)C)=N1,397
CC(C)(OC(=O)OCC1=CC=C(C=C1)[N+]([O-])=O)[C@H]1[C@@H](CC(=O)CC(=O)OCC2=CC=C(C=C2)[N+]([O-])=O)NC1=O,397.15
C[C@]12CC[C@H]3[C@@H](C=CC4=C(N=[N+]=[N-])C(=O)C=C[C@]34C)[C@@H]1CCC2=O,397.15
O=C(OCC)N(C1=NON=C1N([N+]([O-])=O)C(OCC)=O)[N+]([O-])=O,397.15
O=[N+](NC1=NNC(C([N+]([O-])=O)([N+]([O-])=O)[N+]([O-])=O)=C1[N+]([O-])=O)[O-],397.15
[O-][N+](=O)C1=CC=C(C=C1)C1=C(C(=O)NC1=O)C1=CNC2=CC=CC=C12,398.15
CCCCC1=NC2=C(C(N(CC2)C(=O)CC(=O)OCC)C(=O)OC)N1CC1=CC(C2=NN=NN2C(C2=CC=CC=C2)(C2=CC=CC=C2)C2=CC=CC=C2)=C(C=C1)C1=CC=CC=C1,398.15
CCCCC1=NC2=C(C(N(CC2)C(=O)CC(=O)OCC)C(=O)OC)N1CC1=CC=C(C=C1)C1=C(C=CC=C1)C1=NN=NN1C(C1=CC=CC=C1)(C1=CC=CC=C1)C1=CC=CC=C1,398.15
CCCC1=C2N=C(CC)C=C(NCC3=CC=C(C=C3)C3=C(C=CC=C3)C3=NN=NN3)N2N=C1,398.15
CCC1=NN2C(N=C(CC)C=C2NCC2=CC=C(C=C2)C2=C(C=CC=C2)C2=NN=NN2)=C1C,398.15
O=[N+](NC1=NC(C([N+]([O-])=O)([N+]([O-])=O)[N+]([O-])=O)=NN1)[O-],398.15
O=[N+](N([H])C(C([H])=C(C([N+]([O-])=O)=C1[H])N([H])[N+]([O-])=O)=C1[N+]([O-])=O)[O-],398.15
CN([N+]([O-])=O)CN([N+]([O-])=O)C1=NON=C1[N+]([O-])=O,399.15
CC1=NC=C2CN=C(C3=CC=CC=C3)C3=C(C=CC(=C3)[N+]([O-])=O)N12,399.65
COC1=C(C=CC(=C1)[N+]([O-])=O)C(O)C1=NC=CC=C1,400.65
C[C@H]1CN(CC(=O)NC2=C(C=CC=C2)[N+]([O-])=O)C[C@@H](C)O1,401.15
COCC1=NC(=C(N1CC1=CC=C(C=C1)C1=C(C=CC=C1)C1=NN=NN1C(C1=CC=CC=C1)(C1=CC=CC=C1)C1=CC=CC=C1)C(=O)OC)C(C)(C)O,401.65
NC(N/N=C(NC(N)=O)/C([N+]([O-])=O)[N+]([O-])=O)=O,402.15
[N-]=[N+]=NCC1=CC2=C(C=C1)C(=O)C1=CC=CC=C1C2=O,403.15
CCOC(=O)CN1C(=O)C(=O)NC2=CC(=C(C=C12)N1C=CC(CN2CCCCC2)=C1)[N+]([O-])=O,403.15
CCCCCNC1=NC(OC2=CC(=CC=C2)[N+]([O-])=O)=C2N=CN(CC(O)=O)C2=N1,403.15
CCC([O-])=C(N1C(CC1=O)[N+](C)(C)C)C(=O)OCC1=CC=C(C=C1)[N+]([O-])=O,404.15
[O-][N+](=O)C=C1CCCCN1,405.15
CCC(C(CC)=CC(CNC(=O)C1=CC=CN=C1)=NO)[N+]([O-])=O,405.15
CC(=NO)C(C)(C)NOCCNC(C)(C)C(CN1C=CN=C1[N+]([O-])=O)=NO,405.65
CN1N=NN=C1N([N+]([O-])=O)CN([N+]([O-])=O)C,406
CCC1=NC2=C(N1CC1=CC=C(C=C1)C1=C(C=CC=C1)C1=NN=NN1)C(=CC=C2NC)C(=O)OC,406.15
CN(CC(=O)NC1=C(C=CC=C1)[N+]([O-])=O)CC1=CC=CC=C1,407.15
NC1=NC=NC2=C1N=CN2[C@@H]1O[C@H](C(O)C(=O)NCCC2=C(C=C(C=C2)[N+]([O-])=O)[N+]([O-])=O)[C@@H](O[N+]([O-])=O)[C@H]1O[N+]([O-])=O,407.15
O=[N+](C1=NON=C1C2=NN(C([N+]([O-])=O)([N+]([O-])=O)[N+]([O-])=O)C=C2[N+]([O-])=O)[O-],407.15
CN([N+]([O-])=O)CN1N=C(C([N+]([O-])=O)([N+]([O-])=O)[N+]([O-])=O)N=N1,407.15
O=[N+](C([N+]([O-])=O)([N+]([O-])=O)C1=NCCCN1[N+]([O-])=O)[O-],407.92
O=[N+](C([N+]([O-])=O)([N+]([O-])=O)C1=NC(OCCO2)C2N1[N+]([O-])=O)[O-],408.07
CCCCC1=NC=C(C(=O)OCC)C(=N1)N(C)CC1=CC=C(C=C1)C1=C(C=CC=C1)C1=NN=NN1C(C1=CC=CC=C1)(C1=CC=CC=C1)C1=CC=CC=C1,408.65
CON1CCC2(CC1)NC(=O)C(C2=O)(C1=C(C)C=C(C)C=C1C)[N+]([O-])=O,409.15
O=C(O)CN([N+]([O-])=O)C(CO[N+]([O-])=O)(CO[N+]([O-])=O)CO[N+]([O-])=O,409.15
CC(C([N+]([O-])=O)=CC([N+]([O-])=N[N+]([O-])=O)=C1)=C1[N+]([O-])=O,410.15
O=[N+](/C([N+]([O-])=O)=C1NCN(CC([N+]([O-])=O)([N+]([O-])=O)[N+]([O-])=O)CN\1)[O-],410.15
O=[N+](/C([N+]([O-])=O)=C(N(C([H])([H])N(C([H])(C([N+]([O-])=O)([N+]([O-])=O)[N+]([O-])=O)[H])C1([H])[H])[H])/N1[H])[O-],410.15
ON(C1=CC(=CC=C1)[N+]([O-])=O)C1=C(C=C(C=C1)N=O)[N+]([O-])=O,410.65
COC1=C(O)C=C2C(CCC\C2=N/OCC2=CC3=NON=C3C=C2)=C1,411.15
[NH2+]=C1OC([C-]([N+]([O-])=O)[N+]([O-])=O)=NN1,411.15
OCCN1N=NN/C1=N\[N+]([O-])=O,411.15
COC1=CC(=CC2=C1C(=O)C1=C(OC)C=CC=C1C2=O)C(=O)N=[N+]=[N-],412.15
CC1=C([N+]([O-])=N[N+]([O-])=O)C=C([N+]([O-])=N[N+]([O-])=O)C=C1,412.65
[N-]=[N+]=NCC1=CC=C(C=C1)C1=C(C=CC=C1)C1=NN=NN1C(C1=CC=CC=C1)(C1=CC=CC=C1)C1=CC=CC=C1,412.95
[N-]=[N+]=NCCN1N=NN/C1=N\[N+]([O-])=O,413.15
O=C(N[N+]([O-])=O)NC1=NON=C1NC(N[N+]([O-])=O)=O,413.15
O=C(OCC([N+]([O-])=O)([N+]([O-])=O)[N+]([O-])=O)N[N+]([O-])=O,413.15
NN1N=NC([N+]([O-])=O)=N1,413.15
O=[N+](C([N+]([O-])=O)C1=NON=C1/N=N/C2=NON=C2C([N+]([O-])=O)[N+]([O-])=O)[O-],413.15
O=C(OCC([N+]([O-])=O)([N+]([O-])=O)C)N[N+]([O-])=O,413.15
OCCN1C(=O)C2=CC=CC(N=[N+]=[N-])=C2C1=O,414.15
O=[N+](C1=CN(C([N+]([O-])=O)([N+]([O-])=O)[N+]([O-])=O)N=C1[N+]([O-])=O)[O-],414.15
CC\C(=C/C(=NO)C(N)=O)C(C)[N+]([O-])=O,415.15
O=C(NCC([N+]([O-])=O)([N+]([O-])=O)[N+]([O-])=O)NCC([N+]([O-])=O)([N+]([O-])=O)[N+]([O-])=O,415.15
[N-]=[N+]=NC[C@@H]1NC(=O)[C@@H]1NC(=O)COC1=CC=CC=C1,415.65
CON=C(C(O)=O)C1=CC(=C(O)C=C1)[N+]([O-])=O,415.65
OC(=O)CN1C=CN=C1[N+]([O-])=O,416.15
ON1N=NN=C1C2=NOC=N2,416.15
[NH2+]=C1OC([C-]([N+]([O-])=O)[N+]([O-])=O)=NN1N,416.15
O=[N+](NC1=NC(N=[N+]=[N-])=NN1)[O-],416.15
O=[N+](C1=NN(C([N+]([O-])=O)([N+]([O-])=O)[N+]([O-])=O)C([N+]([O-])=O)=C1)[O-],416.15
NC1=NON=C1[N+]([O-])=O,416.15
C[C@]12CC[C@H]3[C@@H](CCC4=C(N=[N+]=[N-])C(=O)CC[C@]34C)[C@@H]1CCC2=O,416.65
COCC1=NC(=C(N1CC1=CC=C(C=C1)C1=C(C=CC=C1)C1=NN=NN1C(C1=CC=CC=C1)(C1=CC=CC=C1)C1=CC=CC=C1)C(=O)OCC1=C(C)OC(=O)O1)C(C)(C)O,418.15
COC1=C(O)C=C2C(CC\C2=N/OCC2=CC3=NON=C3C=C2)=C1,418.15
O=C(OCCCC([N+]([O-])=O)([N+]([O-])=O)[N+]([O-])=O)N,418.15
CC1=CC=C(C=C1)C1=C(C=CC=C1)C(=O)C1=NN(N=N1)C(C1=CC=CC=C1)(C1=CC=CC=C1)C1=CC=CC=C1,419.15
O=[N+](C([N+]([O-])=O)([N+]([O-])=O)COC(N)=O)[O-],419.15
COC1=CC=C(CN2N=NC(=N2)C(O)=O)C=C1,419.65
[N-]=[N+]=NC1=C2C(=O)N(CCCCCCN3C(=O)C4=CC=CC(N=[N+]=[N-])=C4C3=O)C(=O)C2=CC=C1,420.15
CN([N+]([O-])=O)CN([N+]([O-])=O)C(OCC([N+]([O-])=O)([N+]([O-])=O)[N+]([O-])=O)=O,420.15
CC(C)(C)N1CCN(CCCC2(C)CN3C=C(N=C3O2)[N+]([O-])=O)CC1=O,421.15
O=[N+](NC(N=N1)=NN2C1=NN=C2)[O-],421.15
O=[N+](C1=C(N=[N+]=[N-])C([N+]([O-])=O)=NN1CC2=NN=NN2)[O-],421.15
CCC1=NC2=CC=NN2C(=C1)N(C)CC1=CC=C(C=C1)C1=C(C=CC=C1)C1=NN=NN1,421.65
CC(=NO)C(C)(C)NCCONC(C)(C)C(CN1C=CN=C1[N+]([O-])=O)=NO,422.65
[O-][N+](=O)C1=CC=C(O1)C1=NN(CC2=CC=CC=C2)C2=CC=CC=C12,422.65
[O-][N+](=O)C1=CC=CC2=NC3=CC=CC=C3C(OC3=CC=CC=C3)=C12,423.15
COC1=C(C=CC(CCN)=C1)[N+]([O-])=O,423.15
CN(C)C(=O)N1N=NC(=N1)C1=CC(=NC=C1)C1=NN(N=N1)C(=O)N(C)C,423.15
OC(=O)C1=C(N\C=C\[N+]([O-])=O)C=CC(=C1)C1=CC=CC=C1,423.15
COC1=CC2=C(C=C1OC)C1=NN(C=C1CC2)C1=CC=C(C=C1)[N+]([O-])=O,423.15
[N-]=[N+]=NC(N=N1)=NN2C1=NN=C2N[N+]([O-])=O,423.15
CN1N=C([N+]([O-])=O)N=N1,423.15
CN(CC(NC(OCC([N+]([O-])=O)([N+]([O-])=O)[N+]([O-])=O)=O)=O)[N+]([O-])=O,423.15
O=[N+](C1=NON=C1N([N+]([O-])=O)CN([N+]([O-])=O)CN([N+]([O-])=O)C2=NON=C2[N+]([O-])=O)[O-],423.15
O=[N+](N(CC(O[N+]([O-])=O)CN([N+]([O-])=O)C(CO[N+]([O-])=O)(CO[N+]([O-])=O)CO[N+]([O-])=O)C(CO[N+]([O-])=O)(CO[N+]([O-])=O)CO[N+]([O-])=O)[O-],423.15
[N-]=[N+]=N[C@@H]1CC[C@H](CNC1=O)C1=CC=CC=C1,424.15
CCCCC1=NC=C2C=CCC(N12)C1=CC=C(C=C1)C1=C(C=CC=C1)C1=NN=NN1,424.15
CC1=CC=C(C=C1)C1=C(C=CC=C1)C1=NN=NN1C(C1=CC=CC=C1)(C1=CC=CC=C1)C1=CC=CC=C1,424.65
O=[N+](C([N+]([O-])=O)([N+]([O-])=O)N1N=C([N+]([O-])=O)N=C1C2=NN(C([N+]([O-])=O)([N+]([O-])=O)[N+]([O-])=O)C=N2)[O-],425.15
CCCCC1=C(CC2=CC=C(C=C2)C2=C(C=CC=C2)C2=NN=NN2C(C2=CC=CC=C2)(C2=CC=CC=C2)C2=CC=CC=C2)C(=O)N(CC2=C(C=CO2)C#N)C(C)=N1,426.15
CN(CC(O)=O)[N+]([O-])=O,426.15
O=C(OCC)NC1=NON=C1[N+]([O-])=O,426.15
CN1C([N+]([O-])=O)=NC(C([N+]([O-])=O)([N+]([O-])=O)[N+]([O-])=O)=N1,426.15
COC(=O)C(C(=O)OC)C1=C(C=C(C2=CC=CC=C12)[N+]([O-])=O)C(O)=O,426.65
O=C(OC(N/1)C(OC(C)=O)NC1=C([N+]([O-])=O)/[N+]([O-])=O)C,426.72
OC1=CC=C2C=CC=C(N3C(=O)C4=CC=CC(N=[N+]=[N-])=C4C3=O)C2=C1,427.15
CCCCN1C=C(CCCC)N(CC2=CC=C(C=C2)C2=C(C=CC=C2)C2=NN=NN2)C1=O,427.15
[O-]/[N+](C1=C(N)N2C(N=N1)=NC([N+]([O-])=O)=N2)=N\[N+]([O-])=O,427.15
NC(OC(C)C([N+]([O-])=O)([N+]([O-])=O)[N+]([O-])=O)=O,427.15
O=[N+](N(CN([N+]([O-])=O)C1=NON=C1C2=NNN=N2)C3=NON=C3C4=NNN=N4)[O-],427.15
O=[N+](C([N+]([O-])=O)([N+]([O-])=O)C1=NNC=C1[N+]([O-])=O)[O-],427.35
CCN1C=CC(=CC2=C(C=CC=C2[N+]([O-])=O)[N+]([O-])=O)C2=CC=CC=C12,427.65
CCCCC1=NC=C2N1C(CCC2=CC(O)=O)C1=CC=C(C=C1)C1=C(C=CC=C1)C1=NN=NN1,427.95
CCOC(=O)C(=CNC1=C2NC=C(C(=O)OCC)C(=O)C2=CC(=C1)[N+]([O-])=O)C(=O)OCC,428.15
[O-][N+](=O)C1=CC=C(OC(=O)C2=NC=CC=C2)C=C1,428.15
COCC(C(C)=CC(CNC(=O)C1=CC=NC=C1)=NO)[N+]([O-])=O,428.15
OC(=O)CNC1=C(C2=CC=CC=C2C=C1)[N+]([O-])=O,428.15
O=C(NCC(=O)N(CC1=CC=CC=C1)[C@H]1[C@H](CC2=CC=CC=C2)CCC2=CC=CC=C12)NC1=CC=CC(=C1)C(=O)NC1=NN=NN1,428.15
NC1=NC(NCC([N+]([O-])=O)([N+]([O-])=O)[N+]([O-])=O)=NO1,428.15
O=[N+](/C([N+]([O-])=O)=C1NCN(N=O)CN\1)[O-],428.15
CN1C([N+]([O-])=O)=NN=N1,428.15
NC(O1)=NN=C1C2=NON=C2[N+]([O-])=O,428.15
O=C(OCC([N+]([O-])=O)([N+]([O-])=O)[N+]([O-])=O)CCC([N+]([O-])=O)([N+]([O-])=O)[N+]([O-])=O,428.15
CCOC(=O)N1N=NN=C1C1=CC(=O)C2=C(O1)C=CC=C2,428.65
O=[N+](C1=CN([N+]([O-])=O)N=C1C2=NOC(C3=NN([N+]([O-])=O)C=C3[N+]([O-])=O)=N2)[O-],429.15
CN1C(=O)C(=C(O)C2=CC=CN=C12)[N+]([O-])=O,430.15
CC(C)(C)OC(=O)NC1=C(C=C(C#CC2=CC=CC=C2)C(OCC(O)CO)=C1)[N+]([O-])=O,430.15
O=C(OCCOC(N[N+]([O-])=O)=O)N[N+]([O-])=O,430.15
O=[N+](/C([N+]([O-])=O)=C1NCN([N+]([O-])=O)CN\1)[O-],431.15
O=C(OCC(COC(N[N+]([O-])=O)=O)([N+]([O-])=O)[N+]([O-])=O)N[N+]([O-])=O,431.15
ON=C(CC1=C(C=CC=C1)[N+]([O-])=O)C(O)=O,432.15
CC1=NC(C2=NON=C2N[N+]([O-])=O)=NO1,432.15
O=[N+](C1=CN([N+]([O-])=O)N=C1C2=NN=C(C3=NN([N+]([O-])=O)C=C3[N+]([O-])=O)O2)[O-],432.15
CCCCC1=NC=C2N1C(CC=C2CC(O)=O)C1=CC=C(C=C1)C1=C(C=CC=C1)C1=NN=NN1,432.65
O=C1OCC(CO[N+]([O-])=O)(CO[N+]([O-])=O)N1[N+]([O-])=O,433.15
NC1=[N+]([O-])ON=C1C2=NO[N+]([O-])=C2N,433.15
O=[N+](C1=CN(N=N1)/N=N/N2C=C([N+]([O-])=O)N=N2)[O-],433.15
CC(=O)C1=CN([C@H]2C[C@H](O)[C@@H](CN=[N+]=[N-])O2)C(=O)NC1=O,433.65
OC(=O)C1=C(NC(=N1)C1=CC=CC2=CC=CC=C12)C1=CC=C(C=C1)[N+]([O-])=O,434.15
CC(O)C1C(CC(=O)C(=[N+]=[N-])C(=O)OCC2=CC=C(C=C2)[N+]([O-])=O)NC1=O,434.35
[O-][N+](=O)C=CC1=CNC=C1,435.15
[N-]=[N+]=NC1=C2C(=O)N(CCCCN3C(=O)C4=CC=CC(N=[N+]=[N-])=C4C3=O)C(=O)C2=CC=C1,435.15
OC[C@H]1O[C@H](C[C@@H]1N=[N+]=[N-])N1C=CC(=O)NC1=O,435.15
COC1=C(OC)C=C2C(=C1)N=CN=C2N1CCC2=CC(=CC=C12)N=[N+]=[N-],435.15
[O-][N+](C([N+]([O-])=O)([N+]([O-])=O)C([H])([H])C([H])([H])C(OC([H])([H])C([N+]([O-])=O)([N+]([O-])=O)[N+]([O-])=O)=O)=O,435.95
CC(CC1=CC=C(C=C1)[N+]([O-])=O)(C(O)=O)C(O)=O,436.15
CC[C@H](C)[C@H](OCC1=CC=CC=C1)[C@@H]1[C@H](N[C@H]([C@H]1[N+]([O-])=O)C1=CC=CC=C1)C(O)=O,436.15
NC1=NN=NN1CCO[N+]([O-])=O,436.15
NC1=C([N+]([O-])=O)C2=NN=NN2N=C1N=[N+]=[N-],436.15
N/C(N1C(C)(O)CC(C)=N1)=C([N+]([O-])=O)/[N+]([O-])=O,436.41
CCCCC1=NC(CCCC)=C2N1C(CC=C2C1=CC=CC=C1)C1=CC=C(C=C1)C1=C(C=CC=C1)C1=NN=NN1,437.15
CCC(=O)C1=C(C)C2=CC=CC(=C2N1)[N+]([O-])=O,437.15
[O-][N+](=O)C1=CC=C(C=C1)C(=O)OC1=CC=CC2=CC3=CC=CC(OC(=O)C4=CC=C(C=C4)[N+]([O-])=O)=C3C(OC(=O)C3=CC=C(C=C3)[N+]([O-])=O)=C12,438.15
CN(O)C(=O)C=CC1=CC=C(C2=CC=CC=C12)[N+]([O-])=O,438.15
CC1=CC=C(C=C1)C1=C(C=CC=C1)C1=NN(N=N1)C(C1=CC=CC=C1)(C1=CC=CC=C1)C1=CC=CC=C1,438.15
CNN(C=C[N+]([O-])=O)N=CC1=NC=CC=C1,438.15
CN([N+]([O-])=O)CN1N=C([N+]([O-])=O)N=C1[N+]([O-])=O,438.15
CN([N+]([O-])=O)CN1N=C([N+]([O-])=O)C(N)=C1[N+]([O-])=O,438.15
ON1N=NC(C2=NN(O)N=N2)=N1,438.15
NC1=NN=NN1CCN2N=C([N+]([O-])=O)C([N+]([O-])=O)=C2N=[N+]=[N-],439.15
NC1=NC2=C([N+]([O-])=O)N=NN2N=C1N=[N+]=[N-],439.15
O=[N+](C(N=N1)=C(N=C/2N([H])[H])[N+]1=NC2=N/[N+]#N)[O-],439.15
NCC(=O)NC1=C(C=C(C=C1)[N+]([O-])=O)C(=NO)C1=CC=CC=C1,440.15
N/C(C1=NNC(N=[N+]=[N-])=N1)=N\O,440.15
OC(CN([N+]([O-])=O)CC([N+]([O-])=O)([N+]([O-])=O)[N+]([O-])=O)=O,440.15
CC(C)OC(=O)C1=C(C)NC(C)=C(C1C1=CC(=CC=C1)[N+]([O-])=O)C(=O)OCCCN(C)CC1=CC=CC=C1,440.65
CC1NC(=O)NN=C1C1=CC=C(C=C1)C1=NN=NN1,441.15
[O-][N+](=O)C1=C(C=CC=C1)C1=CNC(=N1)C#N,441.15
CCC1=NC2=CC=NN2C(=C1)N(C)CC1=CC2=C(OC(=C2)C2=C(C=CC=C2)C2=NN=NN2)C=C1,441.15
CCN1CC2=C(NC(=O)C1)C=C(C(OC)=C2)[N+]([O-])=O,441.15
O/N=C/C1=NO[N+]([O-])=C1/C=N/O,441.15
O=[N+](NCC(O[N+]([O-])=O)CN[N+]([O-])=O)[O-],441.15
CCCCC1=NC(CCCC)=C2C(CCC(N12)C1=CC=C(C=C1)C1=C(C=CC=C1)C1=NN=NN1)N1C(=O)CCC1=O,441.55
CCC1C(C)NN=C(C=CC2=CC=C(C=C2)[N+]([O-])=O)C2=C1C=C(OC)C(OC)=C2,441.65
O=[N+](C(COC1=NC(OCC([N+]([O-])=O)([N+]([O-])=O)[N+]([O-])=O)=NC(OCC([N+]([O-])=O)([N+]([O-])=O)[N+]([O-])=O)=N1)([N+]([O-])=O)[N+]([O-])=O)[O-],441.95
[O-][N+](=O)C1=CC(=C(CC2=C(C=C(C(C=CC3=C(C=C(C=C3[N+]([O-])=O)[N+]([O-])=O)[N+]([O-])=O)=C2[N+]([O-])=O)[N+]([O-])=O)[N+]([O-])=O)C(=C1)[N+]([O-])=O)[N+]([O-])=O,442.15
CC1=C(C(C2=CC(=CC=C2)[N+]([O-])=O)C(=NN1)C(O)=O)C(O)=O,442.15
CC1=NC2=CC=CC=C2C(OCC2=CC=C(C=C2)C2=C(C=CC=C2)C2=NN(N=N2)C(C2=CC=CC=C2)(C2=CC=CC=C2)C2=CC=CC=C2)=C1,442.15
CCCN1N=C(N=C1CC1=CN=C(C=C1)C1=C(C=CC=C1)C1=NN=NN1)C(OC)OC,442.15
CCCN1N=C(N=C1CCC1=CN=C(C=C1)C1=C(C=CC=C1)C1=NN=NN1)C(OC)OC,442.15
O=C(NC(NC(OCC([N+]([O-])=O)([N+]([O-])=O)[N+]([O-])=O)=O)=O)OCC([N+]([O-])=O)([N+]([O-])=O)[N+]([O-])=O,442.15
NC1=NON=C1C2=NO[N+]([O-])=C2C3=NON=C3NCC([N+]([O-])=O)([N+]([O-])=O)[N+]([O-])=O,442.55
O=[N+](C1=NN(CC(N/2)=NOC2=N\[N+]([O-])=O)C([N+]([O-])=O)=C1[N+]([O-])=O)[O-],443.05
OC(CCC(O)=O)C1=CC=C(C=C1)C1=C(C=CC=C1)[N+]([O-])=O,443.15
[N-]=[N+]=NC1=NC2=CC=CC=CC2=C1C#N,443.15
CCCCOC(=O)NC1=CC=C(CC(=O)N(C)[C@H](CN2CCCC2)C2=CC(=CC=C2)[N+]([O-])=O)C=C1,443.15
OC(=O)C1=CC=C(O1)C1=NN(CC2=CC=CC=C2)C2=CC(=CC=C12)[N+]([O-])=O,443.15
ON1N=NN=C1/N=N/C2=NN=NN2O,443.15
O=C(NCN([N+]([O-])=O)CC([N+]([O-])=O)([N+]([O-])=O)[N+]([O-])=O)OCC([N+]([O-])=O)([N+]([O-])=O)[N+]([O-])=O,443.15
[O-]C1=C(C(N)=C(C=C1[N+]#N)[N+]([O-])=O)[N+]([O-])=O,443.15
NC1=NO[N+]([O-])=C1C2=[N+]([O-])ON=C2N,443.15
CN(CC1=NOC(=N1)C1=C(C)NC(C)=C(C1C1=CC(=CC=C1)[N+]([O-])=O)C(O)=O)CC1=CC=CC=C1,444.15
CC(C)CNC1=C(C2=NN=NN2C2=NC=CC=C12)[N+]([O-])=O,444.15
[O-][N+](=O)C1=CC=C(C=C1)C1=NN2CCCC2CC2=C1C=C1OCOC1=C2,444.15
OC(=O)CC1=C(C=C(NC(=O)OCC2=CC=CC=C2)C2=CC=CC=C12)[N+]([O-])=O,444.15
O=[N+](C1=NN([N+]([O-])=O)C=C1)[O-],444.15
O[C@@H]1[C@H](NC(=O)C(C(=O)OCC2=CC=C(C=C2)[N+]([O-])=O)C2=CC=CC=C2)[C@H](O[C@H]1N1C=NC2=C(NC(=O)C3=CC=CC=C3)N=CN=C12)C(O)=O,444.65
O=[N+](C([N+]([O-])=O)([N+]([O-])=O)N1N=C([N+]([O-])=O)N=C1C2=NNC=N2)[O-],445.15
[N-]=[N+]=NC1=C(C=NC2=CC=CC=C12)C(=O)ON1C(=O)CCC1=O,447.15
OC[C@H]1OC(O)[C@H](N=[N+]=[N-])[C@@H](O)[C@H]1O,447.15
COC1=CC2=C(C=C1OC)C(C=CC1=CC=C(C=C1)[N+]([O-])=O)=NNC(C)C2,447.15
[NH2+]=C(N([N+]([O-])=O)CN([N+]([O-])=O)CN([N+]([O-])=O)C([N-][N+]([O-])=O)=[NH2+])[N-][N+]([O-])=O,447.15
N[C@@H](CN=[N+]=[N-])C(O)=O,447.65
CN(C)CCCN(C)C(=O)C1=CC(=CN1)N(C)C(=O)C1=CC(=CN1)[N+]([O-])=O,448.15
CCCCC1=CN(CC(CC)CC)C(=O)N1CC1=CC=C(N=C1)C1=C(C=CC=C1)C1=NN=NN1,448.15
CC(C)(C)OC(=O)CC[C@@H](N)C1=NN=NN1,448.15
OCC1=NN=C(C2=CC=C(C=C2)[N+]([O-])=O)C2=C(C1)C=C1OCOC1=C2,448.15
O=[N+](N(CCN(C1=NON=C1C2=NOC=N2)[N+]([O-])=O)C3=NON=C3C4=NOC=N4)[O-],448.15
NC1=C([N+]([O-])=O)C2=NON=C2[N+]([O-])=N1,448.15
[N-]=[N+]=NC1=CC([N+]([O-])=O)=CC([N+]([O-])=O)=C1,448.15
OC1C(O)N/C(N1)=C([N+]([O-])=O)/[N+]([O-])=O,448.81
NC1=CC=C(C=C1)N1C(=O)C2=CC=CC(N=[N+]=[N-])=C2C1=O,449.15
NC1=NC2=C(N=CN2COCCOC(=O)CN=[N+]=[N-])C(=O)N1,449.15
CCC1=NC2=C(C)C=C(C)N=C2N1CC1=CC=C(C=C1)C1=C(C=CC=C1)C1=NN=NN1,449.15
CCCC1(CCC)C2=CC=CC=C2C2=C1C=C(O)C(=C2)[N+]([O-])=O,449.15
OC(=O)C1=C(NC(=N1)C1=CC=C(C=C1)[N+]([O-])=O)C1=CC=CC=C1,449.65
CCCCN1C=C(CCCC)N(CC2=CC=C(C=C2)C2=C(C=NC=C2)C2=NN=NN2)C1=O,450.15
CC(C)(C)OC(=O)NC1=C(C=C(C#CC2=CC=CC=C2)C(CO)=C1)[N+]([O-])=O,450.15
CCOC(CNC(OCC([N+]([O-])=O)([N+]([O-])=O)[N+]([O-])=O)=O)=O,450.15
CCCCC1=CN(C(=O)N1CC1=CC=C(C=C1)C1=C(C=CC=C1)C1=NN=NN1)C1=C(C)C=CC=C1C,450.65
CCCC1=CN([C@H]2C[C@H](O)[C@@H](CN=[N+]=[N-])O2)C(=O)NC1=O,451.15
CC1=CC(OCC2=CC=C(C=C2)C2=C(C=CC=C2)C2=NN(N=N2)C(C2=CC=CC=C2)(C2=CC=CC=C2)C2=CC=CC=C2)=C(C(C)=N1)C1=CC=NC=C1,451.15
CCCOC1=NC2=C(C=CC=C2)N1CC1=CC=C(C=C1)C1=C(C=CC=C1)C1=NN=NN1,451.15
CC1=CC2=C3N=C(C)C=CC3=C(C=C2N=C1)[N+]([O-])=O,451.15
COC1=CC=C(C(O)=O)C2=C1OC1=C2C=C(C=C1)[N+]([O-])=O,451.15
O=[N+](/N=C1N(CC2=NN=NN2)N=NN/1)[O-],451.15
[N-]=[N+]=NC1=NON=C1NCNC2=NON=C2N=[N+]=[N-],451.15
OC(CCC(O)=O)C1=CC=C(C=C1)C1=CC=C(C=C1)[N+]([O-])=O,451.65
CCCC1=NC(=C(N1CC1=CC=C(C=C1)C1=C(C=CC=C1)C1=NN=NN1)C(=O)OCC1=C(C)OC(=O)O1)C(C)(C)O,451.65
C(OC1=CC=C2N(CC3=CC=CC=C3)C=C(C=CC3=NN=NN3)C2=C1)C1=CC=CC=C1,452.15
CC(=O)OCC1=CC=C(C=C1)C1=C(N=C(N1)C1=CC=C(C=C1)[N+]([O-])=O)C(=O)OC(C)(C)C,452.15
O=[N+](N1C2N([N+]([O-])=O)C3C1N(CN=[N+]=[N-])C4C(N3CN=[N+]=[N-])N([N+]([O-])=O)C2N4[N+]([O-])=O)[O-],452.15
OC(=O)CN1N=NN=C1C1=CC=CC=C1,452.65
CC1=CC(OCC2=CC=C(C=C2)C2=C(C=CC=C2)C2=NN=NN2)=C(C(C)=N1)C1=CC=NC=C1,453.15
CCOC(=O)C(=O)NC1=C(C=C(C=C1)N1C=CN=C1)[N+]([O-])=O,453.15
COC1=C2C(NC=C2C=C[N+]([O-])=O)=CC=C1,453.15
O=[N+](N(C([H])([H])C(OC([H])(C([N+]([O-])=O)([N+]([O-])=O)[N+]([O-])=O)[H])=O)C([H])(C([N+]([O-])=O)([N+]([O-])=O)[N+]([O-])=O)[H])[O-],453.15
CCCC1=C(OCCOC2=CC=C3C(O)=C(C(=O)OC3=C2)[N+]([O-])=O)C(=CC(C(C)=O)=C1O)[N+]([O-])=O,453.65
COC1=C(C=C(C=C1)N1C=NN=N1)C(=O)N1CCC(CCN2CCCN(CC2)C2=NC3=C(C=CC=C3)N2CCO)(C1)C1=CC=CC=C1,454.15
O=[N+](C1=NN(CCN2N=NN/C2=N/[N+]([O-])=O)C=N1)[O-],454.15
CCOCN1C(C)=C(C(C2=CC(=CC=C2)[N+]([O-])=O)C(C(=O)OCC)=C1C)C(O)=O,454.65
CC1(C)OC(=O)C(CC2=CNC3=CC=C(C=C23)[N+]([O-])=O)C(=O)O1,455.15
[O-][N+](=O)C1=C2C(=O)NC(=O)N(CCCCN3CCC(=CC3)C3=CC=CC=C3)C2=CC=C1,455.15
O=[N+](C([N+]([O-])=O)([N+]([O-])=O)CNN1C(NN2N=NN=C2)=NN=C1)[O-],455.15
O=C(OCC(COC(N)=O)([N+]([O-])=O)[N+]([O-])=O)N,455.15
[O-]N1C2=CC([N+]([O-])=O)=CC([N+]([O-])=O)=C2[NH+]=N1,455.15
NC(NC1=NON=C1[N+]([O-])=O)=O,455.15
CN([N+]([O-])=O)CN1C=C([N+]([O-])=O)N=C1[N+]([O-])=O,456.15
O=C(CN([N+]([O-])=O)CC([N+]([O-])=O)([N+]([O-])=O)[N+]([O-])=O)OCC([N+]([O-])=O)([N+]([O-])=O)[N+]([O-])=O,456.15
CN([N+]([O-])=O)CNC(OCC([N+]([O-])=O)([N+]([O-])=O)[N+]([O-])=O)=O,456.15
O=C(NC(OCC([N+]([O-])=O)([N+]([O-])=O)[N+]([O-])=O)=O)OCC([N+]([O-])=O)([N+]([O-])=O)[N+]([O-])=O,456.15
[O-][N+](=O)C1=C(NNC(=O)C2=CC=CC=C2)C2=CC=CC=C2C=C1,456.65
[O-][N+]1=C(C2=[N+]([O-])ON=C2N)C(C3=[N+]([O-])ON=C3N)=NO1,456.75
NC1=NN=NN1CN(C)[N+]([O-])=O,457
COC(=O)N1C=C(C=NN2CCOCC2)C(=N1)C1=CC=C(O1)[N+]([O-])=O,457.15
OC(=O)C1=NC=C(OC2=CC=C(C=C2)[N+]([O-])=O)C=C1,457.15
OCC1=NC2=CC=CC=C2C(OCC2=CC=C(C=C2)C2=C(C=CC=C2)C2=NN(N=N2)C(C2=CC=CC=C2)(C2=CC=CC=C2)C2=CC=CC=C2)=C1,457.15
NC(C=CC1=CC=C(C=C1)[N+]([O-])=O)=NO,457.65
CC1=C(C(C2=CC(=CC=C2)[N+]([O-])=O)C(C(O)=O)=C(C)N1)C(O)=O,457.65
ON1C(=O)C=CC2=CC(=CC=C12)[N+]([O-])=O,457.65
CCCCC1=CN(C)C(=O)N1CC1=CC=C(N=C1)C1=C(C=CC=C1)C1=NN=NN1,457.65
OC1N/C(NC1O)=C([N+]([O-])=O)\[N+]([O-])=O,457.96
COC1=C(OC)C=C2C(=C1)N=CN=C2N1CCC2=CC=C(C=C12)N=[N+]=[N-],458.15
[O-][N+]1=NC2=NN=NN2N=C1N,458.15
[H]C1=C([N+]([O-])=O)C([H])=C([N+]([O-])=O)C(N([N+]([O-])=O)C([H])([H])[H])=C1[N+]([O-])=O,458.15
C(C1=NN=NN1)C1=NC2=C(C=CC=C2)N1C1=CC=CC=C1,459.15
O=C(C(OCC([N+]([O-])=O)([N+]([O-])=O)[N+]([O-])=O)=O)OCC([N+]([O-])=O)([N+]([O-])=O)[N+]([O-])=O,459.15
NN(C([N+]([O-])=O)=N1)N=C1N(C=N2)N=C2[N+]([O-])=O,459.15
O=[N+](C1=CN([N+]([O-])=O)N=C1C2=NN=C(C3=NN=C(C4=NN([N+]([O-])=O)C=C4[N+]([O-])=O)O3)O2)[O-],459.15
CN(CC(N)=O)[N+]([O-])=O,459.15
NC1=C([N+]([O-])=O)C2=NON=C2N=N1,459.15
CCC1=NC2=C(C=NN2C(NCC2=CC=C(C=C2)C2=C(C=CC=C2)C2=NN=NN2)=C1)C(O)=O,460.15
OC[C@H]1O[C@H]([C@@H](O)[C@@H]1O)N1C=NC2=C(N=[N+]=[N-])N=CN=C12,460.65
CCCCC1=CN(C(=O)N1CC1=CC=C(C=C1)C1=C(C=CC=C1)C1=NN=NN1)C1=C(C)C=C(C)C=C1C,460.65
NC(=O)CC1=C(C=CC(=C1)[N+]([O-])=O)C(O)=O,460.65
O=[N+](/C([N+]([O-])=O)=C1NCN(CN2CN/C(NC2)=C([N+]([O-])=O)/[N+]([O-])=O)CN\1)[O-],461.15
CCCC1=NC2=C(C(N(CC2)C(C)=O)C(=O)OC)N1CC1=CC=C(C=C1)C1=C(C=CC=C1)C1=NN=NN1C(C1=CC=CC=C1)(C1=CC=CC=C1)C1=CC=CC=C1,461.65
[O-][N+](=O)C1=CC=C(C=C1)N1CCC(=CC1)C1=CC=CC=C1,461.65
CC(C)(C)OC(=O)CCCCCCCCCCC1(CN(CC2=CC=CC=C2)CCN(CC2=CC=CC=C2)C1)[N+]([O-])=O,461.65
CCCC(N1CCCC1)C(=O)C1=CC=C(C=C1)[N+]([O-])=O,462.15
N/C(N1C(C=C([N+]([O-])=O)C=C2[N+]([O-])=O)=C2C=N1)=N\N=C\C3=C([N+]([O-])=O)C=C([N+]([O-])=O)C=C3[N+]([O-])=O,462.15
[N-]=[N+]=NCC(=O)NC1=C2CCCCC2=NC2=CC=CC=C12,463.15
NC1=C(N=C(N2C=NN=N2)C2=C1C(=O)NNC2=O)C1=CC=CC=C1,463.15
CCCCC1=CN(C(=O)N1CC1=CC=C(C=C1)C1=C(C=CC=C1)C1=NN=NN1)C1=C(OC)C=CC=C1OC,463.15
O=C1N(CO[N+]([O-])=O)C2=NC3=NON=C3N=C2N1CO[N+]([O-])=O,463.15
NN1N=C([N+]([O-])=O)C([N+]([O-])=O)=N1,463.15
OC(=O)C(OC1=CC2=C(C=C1)C(=CO2)C1=CC=CC=C1)[N+]([O-])=O,463.65
CCCCC1=CC=C(N1CC1=CC=C(C=C1)C1=C(C=CC=C1)C1=NN=NN1)C(=O)OCC,463.65
CC(C)OC1=C(C)OC(C(=O)NC2=NN=NN2)=C1OC(C)C,464.15
CC1=CC=CN=C1NC=C(C#N)C1=NN=NN1,464.15
O[C@H](CN1C(=O)C2=CC=CC=C2C1=O)N1C=CN=C1[N+]([O-])=O,464.65
CCOC1=NC2=C(N1CC1=CC=C(C=C1)C1=C(C=CC=C1)C1=NN=NN1)C(=CC=C2)C(=O)OC,465.15
ON1N=NC(=N1)C1=CC(=O)C2=C(O1)C(NC(=O)C1=CC=C(OCCCCC3=CC=CC=C3)C=C1)=CC=C2,465.15
NC1=NON=C1NNC1=NON=C1N,465.15
O=C(OCC([N+]([O-])=O)([N+]([O-])=O)C)N,465.15
[N-]=[N+]=NCN([N+]([O-])=O)CN([N+]([O-])=O)CN([N+]([O-])=O)CN=[N+]=[N-],465.2
O=C(CN1C=NN=N1)NC1=CC=CC=C1,465.65
O=C(NC1N=C(C2=CC=CC=C2)C2=C(C=CC=C2)N(CC2=NN=NN2)C1=O)C1=CC2=CC=CC=C2N1,465.65
O=C(OCC([N+]([O-])=O)([N+]([O-])=O)[N+]([O-])=O)C1=C([N+]([O-])=O)C=C(C(OCC([N+]([O-])=O)([N+]([O-])=O)[N+]([O-])=O)=O)C([N+]([O-])=O)=C1,465.85
[O-][N+](C([N+]([O-])=O)([N+]([O-])=O)C([H])([H])N([N+]([O-])=O)C([H])(C([H])([H])N([N+]([O-])=O)C([H])([H])C([N+]([O-])=O)([N+]([O-])=O)[N+]([O-])=O)[H])=O,465.95
CCCCC1=C(CC2=CC=C(C=C2)C2=C(C=CC=C2)C2=NN=NN2)C(=O)N=C2NC(=O)C(C)N12,466.15
CN(CC#N)[N+]([O-])=O,466.15
CN1C=C(C=NOC(C)=O)C(=N1)C1=CC=C(O1)[N+]([O-])=O,467.65
N/C(NNC=O)=N\[N+]([O-])=O,468.11
OC1=C(CNC2=C(O)C=CC(=C2)[N+]([O-])=O)C=C(C=C1)[N+]([O-])=O,468.15
O=[N+](C(COCOCC([N+]([O-])=O)([N+]([O-])=O)[N+]([O-])=O)([N+]([O-])=O)[N+]([O-])=O)[O-],468.15
CC1(CN2C(=O)N(C3CCNCC3)C3=C2C=CC=C3)CN2C=C(N=C2O1)[N+]([O-])=O,468.75
CC1=[N+]([O-])ON=C1/C=N/N/C(N)=N/[N+]([O-])=O,468.85
O=[N+](OCN1C2=NON=C2N(CO[N+]([O-])=O)C3=NON=C13)[O-],469.15
O=C(N([H])[N+]([O-])=O)OCC(COC(N([N+]([O-])=O)[H])=O)(COC(N([N+]([O-])=O)[H])=O)COC(N([H])[N+]([O-])=O)=O,469.15
NC1=NC2=C([N+]([O-])=O)N=NN2N=C1C#N,469.15
O=[N+](N=C(C1=NON=C21)N=C(N([H])[H])N2[H])[O-],469.15
O=[N+](C1=C2N(N=C(C#N)C(N([H])[H])=N2)N=N1)[O-],469.15
COC1=CC(CC2=CN=C(N[N+]([O-])=O)NC2=O)=NC=C1,470.15
CC1=C2C(CC3C(=O)OC(C)(C)OC3=O)=CNC2=CC=C1[N+]([O-])=O,470.15
OC(=O)C1=NN=C(C2=CC=C(C=C2)[N+]([O-])=O)C2=C(C1)C=C1OCOC1=C2,470.15
[O-][N+](=O)NC1=NC=CN1,470.65
C1COC(O1)C1=CC=C(C=C1)C1=NN=NN1,471.15
O/N=C(N)/C1=NON=C1/C(N)=N/O,471.15
[O-][N+]1=C(C2=NOC(N)=N2)C([N+]([O-])=O)=NO1,471.15
O=[N+](N(CC1=NN=NN1)CC2=NN=NN2)[O-],471.15
N/C(NNC1=NN=C(N2N=C(C)C=C2C)N=N1)=N\[N+]([O-])=O,471.3
N/C(C1=NON=C1NN)=N\N,471.95
OC(CCNC1=C(C=C(C=C1)[N+]([O-])=O)[N+]([O-])=O)C(O)CCNC1=C(C=C(C=C1)[N+]([O-])=O)[N+]([O-])=O,472.15
[O-][N+](=O)C1=CC=C2N=C(NCC=C)N=C(NCC=C)C2=C1,472.15
CCCCC1=CN(C(=O)N1CC1=CC=C(C=C1)C1=C(C=CC=C1)C1=NN=NN1)C1=C(CC)C=CC=C1CC,472.15
O=[N+](C1=NNC([N+]([O-])=O)=C1)[O-],472.15
O=C(NCNC(NCC([N+]([O-])=O)([N+]([O-])=O)[N+]([O-])=O)=O)NCC([N+]([O-])=O)([N+]([O-])=O)[N+]([O-])=O,472.15
CC(=O)N1C(=CC2=C(C=CC=C2)[N+]([O-])=O)C(=O)C2=CC=CC=C12,472.45
C(CC1=NN=NN1)OCCC1=NN=NN1,472.65
ON=CC1=CN(N=C1C1=CC=C(O1)[N+]([O-])=O)C1=CC=CC=C1,473.15
CC1C(CN=[N+]=[N-])OC2=C3C=C(C)C(=O)NC3=C(C)C=C12,473.15
CN([C@H](CN1CCCC1)C1=CC(=CC=C1)[N+]([O-])=O)C(=O)CC1=CC=C(N)C=C1,473.15
COC(=O)C1=CC2=C3C(CO)CN(C(=O)OC(C)(C)C)C3=CC(=C2N1)[N+]([O-])=O,473.15
CC1=NC(C2=NON=C2NCC([N+]([O-])=O)([N+]([O-])=O)[N+]([O-])=O)=NO1,473.15
CC(C)C1=CC(=NC=C1)C(=O)NC1=NN=NN1,473.65
O=C(N(C1([H])[H])C([H])([H])C1([N+]([O-])=O)[N+]([O-])=O)N(C2([H])[H])C([H])([H])C2([N+]([O-])=O)[N+]([O-])=O,473.95
CC(=CC1=C(C=C(C=C1)C(O)=O)[N+]([O-])=O)[N+]([O-])=O,474.15
CN(CC(NNC(CN([N+]([O-])=O)C)=O)=O)[N+]([O-])=O,474.15
NC1=NC(CN2C([N+]([O-])=O)=C([N+]([O-])=O)C([N+]([O-])=O)=N2)=NO1,474.65
OC1=CC2=C(C=C1)C(=C(O2)[N+]([O-])=O)C1=CC=CC=C1,475.15
CC(=CC1=CC=C(C=C1)[N+]([O-])=O)C(O)=O,475.15
C[C@]12CC[C@H]3[C@@H](CC=C4C[C@@H](O)CC[C@]34C)[C@@H]1CC=C2N1C=NN=N1,475.15
CC(ON=C1C2=CC(=CC(=C2C2=C1C=C(C=C2[N+]([O-])=O)[N+]([O-])=O)[N+]([O-])=O)[N+]([O-])=O)C(O)=O,475.15
COC1=CC2=C(C=C1[N+]([O-])=O)C1=C(CNCC1)C(=O)O2,475.65
CCCCC1=CN(C(=O)N1CC1=CC=C(C=C1)C1=C(C=CC=C1)C1=NN=NN1)C1=C(C=CC=C1C(C)C)C(C)C,475.65
CCCC1=NN=C(COC)N1CC1=CC=C(C=C1)C1=C(C=CC=C1)C1=NN=NN1,476.15
C(N1C=CC2=C(CC3=NN=NN3)C=CC=C12)C1=CC=CC=C1,476.15
COC1=CC2=C(NC(=O)CNC2)C=C1[N+]([O-])=O,476.15
CCCCOC1=CC=CC(=N1)C(=O)NC1=NN=NN1,476.65
CC(C)(O)CNC1=C(C2=NN=NN2C2=CC=CC=C12)[N+]([O-])=O,477.15
OC(=O)C1=CC=CC2=C1N(CC1=CC=C(C=C1)C1=C(C=CC=C1)C1=NN=NN1)C(=N2)N1CCOCC1,477.15
COC(=O)C1=C(NC(C)=C(C1C1=CC(=CC=C1)[N+]([O-])=O)C(O)=O)C#N,478.15
CCN(C)C1=NC2=C(N1CC1=CC=C(C=C1)C1=C(C=CC=C1)C1=NN=NN1)C(=CC=C2)C(O)=O,478.15
CCCCC1=NN(CC2=CC=C(C=C2)C2=C(C=CC=C2)C2=NN=NN2)C(=N1)C1=CC=CC=C1,478.15
O=[N+](C1=NN(C([N+]([O-])=O)=C1[N+]([O-])=O)CN2C([N+]([O-])=O)=C([N+]([O-])=O)C([N+]([O-])=O)=N2)[O-],478.15
C[C@]12CC[C@H]3[C@@H](CCC4=C(C(=O)CC[C@]34C)[N+]([O-])=O)[C@@H]1CCC2=O,478.35
CN1N=NN=C1NCC1NCCC2=CC(O)=C(O)C=C12,478.65
C(N1CCC(CC1)(NC1=CC=CC=C1)C1=NN=NN1)C1=CC=CC=C1,478.65
CC(=O)NC1=C(C=C(C=C1)C1=C(C)N2C=CC(C)=CC2=N1)[N+]([O-])=O,479.15
[O-][N+](=O)C1=CN=C(N=C1)C1=CC(=C(OCC2=CC=CC=C2)C=C1)C12CC3CC(CC(C3)C1)C2,479.15
O=[N+](OCN1C2=C(N(CO[N+]([O-])=O)N=C2[N+]([O-])=O)C([N+]([O-])=O)=N1)[O-],479.15
O=[N+](C1=CN([N+]([O-])=O)N=C1C2=NN([N+]([O-])=O)C=C2[N+]([O-])=O)[O-],479.15
O=[N+](N1C2N([N+]([O-])=O)C3C1N(CN=[N+]=[N-])C4C(N3[N+]([O-])=O)N([N+]([O-])=O)C2N4[N+]([O-])=O)[O-],479.15
[H]C(N([N+]([O-])=O)C1([H])[H])(N([N+]([O-])=O)C([H])(N1[N+]([O-])=O)[H])[H],479.15
CCOC(=O)CNC=C1NN2C(C=C1N)=NN=C2C1=CC=C(O1)[N+]([O-])=O,479.65
COC(=O)C1=C(C)NC(N)=C(C1C1=CC(=CC=C1)[N+]([O-])=O)C1=NC(CN(C)CC2=CC=CC=C2)=NO1,479.65
CC1=C(CCC2=CC3=C(C=C2)N=C(N)O3)N=C2C=C(CN=[N+]=[N-])C=CN12,479.65
COC1=CC=C(C=C1)C1=C(N=C(N1)C1=CC=C(C=C1)[N+]([O-])=O)C(O)=O,479.65
NC(=O)NC1=CC(=CC=C1)C1=NN=NN1,479.85
[O-][N+](=O)C1=CC2=C(NN=N2)C=C1,480.15
CCOC(=O)COC1=CC=C(C=C1)C(=O)NC1=C(OC2=CC=C(C=C2)C2=NN=NN2)C=CC=C1,480.15
CC(C)C1=CC2=C3OC(CN=[N+]=[N-])=CC3=CC(C)=C2NC1=O,480.15
O([N+](=O)[O-])C(CO[N+](=O)[O-])CO[N+](=O)[O-],480.2
COC1=CC(C=C(C#N)C(N)=O)=C(C=C1)[N+]([O-])=O,480.65
CN1C=C(C2=CC=CC=C12)C1=C(C(=O)NC1=O)C1=CN(CCCNC(N)=C[N+]([O-])=O)C2=CC=CC=C12,480.65
CC1=CC=CC=C1C(=O)NN=CC=CC1=CC=C(O1)[N+]([O-])=O,481.15
CN1CNC(NC1)=N[N+]([O-])=O,481.15
COC1=C(C(C2=NN=C(O2)C2=C(C(OC)=C(C(OC)=C2[N+]([O-])=O)[N+]([O-])=O)[N+]([O-])=O)=C(C(OC)=C1[N+]([O-])=O)[N+]([O-])=O)[N+]([O-])=O,481.15
NC(=O)C1=C(C(=CC=C1[N+]([O-])=O)N1CC1)[N+]([O-])=O,481.15
CN1N=NC(/N=[N+]([O-])/C2=NN(C)N=N2)=N1,481.15
CC1=CC(OCC2=CC=C(C=C2)C2=C(C=CC=C2)C2=NN=NN2)=C(C(C)=N1)C1=CC=C(C=C1)C(O)=O,481.65
CCCCC1=NC=C2N1C(CCC2=CC(=O)OC(C)(C)C)C1=CC=C(C=C1)C1=C(C=CC=C1)C1=NN=NN1,481.65
CCN1N=NC(NC(=O)C2C3=CC=CC=C3OC3=C2C=C(OC)C=C3)=N1,482.15
N/C(NC(N)=O)=C([N+]([O-])=O)\[N+]([O-])=O,482.15
CC1=CC(=CC(C(O)=O)=C1OC1CCOC1=O)[N+]([O-])=O,483.15
CC1(C)OC2=C(C=C(C=C2)C2=NN=NN2CC(O)=O)[C@@H](OC2=CC=C(O)N=N2)[C@]1(C)O,483.15
OC(=O)CN1C(=O)C(=O)NC2=CC(=C(C=C12)N1C=CC(CNC(=O)NC2=CC=CC=C2)=C1)[N+]([O-])=O,483.15
CN([N+]([O-])=O)CN1N=C([N+]([O-])=O)C=C1[N+]([O-])=O,483.15
O=[N+](C1=NN(CC#N)N=N1)[O-],483.15
NC1=NC(CN2C([N+]([O-])=O)=C(N)C([N+]([O-])=O)=N2)=NO1,483.65
O=[N+](C1=NNN=C1C2=NC([N+]([O-])=O)=NN2)[O-],483.98
CC(=O)NC1=C(C=C(C=C1)C1=NN=NN1)[N+]([O-])=O,484.65
CCOC(C1=NN=NN1CCN2C(C(OCC)=O)=NN=N2)=O,485.15
NC1=NN(N)N=C1[N+]([O-])=O,485.25
[O-][N+](=O)C1=CC=CC(=C1)N=C=O,486.15
NN1C(CN2N=C([N+]([O-])=O)C([N+]([O-])=O)=C2[N+]([O-])=O)=NN=C1CN3N=C([N+]([O-])=O)C([N+]([O-])=O)=C3[N+]([O-])=O,486.15
O([N+](=O)[O-])CC(CO[N+](=O)[O-])(CO[N+](=O)[O-])CO[N+](=O)[O-],486.2
[O-][N+](=O)C1=C(NC2=NCCN2)C=C2CCCC2=C1,486.65
NC1=C(NC(=O)C2=CC=C(NC(=O)COC3=CC=C(C=C3)[N+]([O-])=O)C=C2)C=CC=C1,486.65
CN1C=C(\C=C\C2=CC=C(C=C2)[N+]([O-])=O)C=C1C(O)=O,486.65
CC1=NC(N2CCC(=CC2)C2=CC=CC=C2)=C(C(=O)N1)[N+]([O-])=O,487.15
[O-][N+](=O)C(=[N+]=[N-])C1=CC=CC=C1,487.65
NC1=C(C(C#N)=C(C(N)=C1[N+]([O-])=O)[N+]([O-])=O)[N+]([O-])=O,487.65
CCCCNC1=NC2=C(N1CC1=CC=C(C=C1)C1=C(C=CC=C1)C1=NN=NN1)C(=CC=C2)C(O)=O,487.65
CC1=NN=NN1C1=C(C=CN=C1)C(O)=O,487.65
OC(=O)CON1C(=O)C(=O)NC2=C1C1=C(CC2)CCC(=C1)N1C=CC(CNC(=O)NC2=CC=C(C=C2)[N+]([O-])=O)=C1,488.15
CCOC(=O)NN=CC1=CN(N=C1C1=CC=C(O1)[N+]([O-])=O)C1=NC=CC=C1,488.65
CC1=CC=C(CC2=CN=C(N[N+]([O-])=O)NC2=O)C=N1,488.65
OC(=O)CC1=CC2=C(OC(=C2C2=CC3=CC=CC=C3C=C2)[N+]([O-])=O)C=C1,488.65
COC1=C(C=C2C(NC3=CC(=CC=C3)C#C)=NC=NC2=C1)[N+]([O-])=O,488.65
N#CC1=CC=C(C=C1)N1N=NC(=N1)C1=CC=C(C=C1)C#N,489.15
[N-]=[N+]=NC(=O)C1=CC=CC=C1,489.65
CCCCC1=NC2=C(C(NCC2)C(O)=O)N1CC1=CC=C(C=C1)C1=C(C=CC=C1)C1=NN=NN1,489.65
OC(=O)C1=CC=CC2=C1N(CC1=CC=C(C=C1)C1=C(C=CC=C1)C1=NN=NN1)C(=N2)N1CCCCC1,489.65
O=C(NC1=CC=CC=C1)C1=NN=NN1,490.15
O=[N+](C1=NNC=N1)[O-],490.15
NC1=NN=C(N2N)N1N=C2C3=NON=C3N,490.15
[O-][N+](=O)c1c(N([N+](=O)[O-])C)c([N+](=O)[O-])cc([N+](=O)[O-])c1,490.2
COC1=C(C=NNC(NN=CC2=C(OC)C=C(C=C2)[N+]([O-])=O)=NN=CC2=C(OC)C=C(C=C2)[N+]([O-])=O)C=CC(=C1)[N+]([O-])=O,490.65
CCC1=CC(=NC=C1)C(=O)NC1=NN=NN1,490.65
CC(=O)C1=C(O)C(C)=C2OC(C)(COC3=CC=C(C=C3)[N+]([O-])=O)CC(=O)C2=C1,490.65
OCC1=C(C#N)C(C2=CNN=C2N1)C1=CC=CC2=NON=C12,490.65
CN1N=NC(NC(=O)C(C2=CC=CC=C2)C2=CC=CC=C2)=N1,491.15
COC1=CC(OC)=C(\C=C\C(=O)C2=CC=C(C=C2)C(O)=O)C=C1C1=NNN=N1,491.15
CCOC(=O)NN=CC1=CN(C)N=C1C1=CC=C(O1)[N+]([O-])=O,491.35
CCCCC1=CC(=NC=C1)C(=O)NC1=NN=NN1,491.65
O=C(OCC1=CC=CC=C1)N1CC2=C(CC1C1=NN=NN1)C1=CC=CC=C1N2,491.65
[O-][N+](=O)C1C(=O)C2=CC=C(OCCCOC3=CC=CC=C3)C=C2C1=O,492.15
CC1=NNC(C(N)=O)=C1[N+]([O-])=O,492.15
CCCC1=CC=CC(=N1)C(=O)NC1=NN=NN1,492.15
CC1=NC2=CC=NN2C(NCC2=CC=C(C=C2)C2=C(C=CC=C2)C2=NN=NN2)=C1,492.15
CCC1C2=C(C=C(OC)C(OC)=C2)C(C=CC2=CC=C(C=C2)[N+]([O-])=O)=NN=C1C,492.15
CC1=NC(N2CCC3=C(CC2)C=C(N)C=C3)=C(C(=O)N1)[N+]([O-])=O,492.15
C1(NC2=NON=C2/N=N\C3=NON=C3NC4=NN=CN=N4)=NN=CN=N1,492.15
O=C(CN1N=NC(CCC2=NN(CC(O)=O)N=N2)=N1)O,492.15
NC1=NOC(C2=[N+]([O-])ON=C2N)=N1,492.15
O=[N+](/C([N+]([O-])=O)=C1NCCN/1)[O-],492.94
CC1=CC=C2N3N=NN=C3C3=NN=NN3C2=C1,493.15
CC1=C(C(C2=C(C=CC=C2)[N+]([O-])=O)C2=C(N1)C=CNC2=O)C(O)=O,493.15
CC1=C(CNC2=NCCN2)C(=NC(=N1)C1=CC=CC=C1)C1=CC(=CC=C1)[N+]([O-])=O,493.15
OCCN(CCO)C1=CC=C(C=CC=CC=CC2=CC=C(C=C2)[N+]([O-])=O)C=C1,493.15
NC1=CC(N=[N+]=[N-])=NC=C1,493.15
OC(=O)CN1C(=O)C(=O)NC2=C1C1=C(CC2)CCC(=C1)N1C=CC(=C1)C(=O)NCC1=CC=C(C=C1)[N+]([O-])=O,493.15
[O-][N+](=O)C1=CC=C2NC3=C4NC=CC4=CC=C3C2=C1,493.15
[O-][N+]1=NC2=NN=C([N+]([O-])=O)N2N=C1N,493.15
O=[N+](C1=C([N+]([O-])=O)C([N+]([O-])=O)=C([N+]([O-])=O)C=C1[N+]([O-])=O)[O-],493.15
O=[N+](N1C(N2[N+]([O-])=O)C3N([N+]([O-])=O)C1C4N([N+]([O-])=O)C(N3CC([N+]([O-])=O)([N+]([O-])=O)[N+]([O-])=O)C2N4[N+]([O-])=O)[O-],493.15
O=C(NC1=NN=NN1)C1=NC(CCC2=CC=CC=C2)=CC=C1,493.65
COC1=C(O)C(=CC(=C1)C(=O)C1=CC2=CC=CC=C2N=C1)[N+]([O-])=O,493.65
CC(N)C(=O)N1N=C(C2=CC=C(C=C2)[N+]([O-])=O)C2=C(CC1C)C=C1OCOC1=C2,493.65
COC1=C(O)C(=CC(=C1)C1=NC2=CC=CC=C2C=C1C(=O)C1=CC2=CC=CC=C2N=C1C1=CC(OC)=C(O)C(=C1)[N+]([O-])=O)[N+]([O-])=O,493.65
[O-][N+](=O)C1=C2C(=O)OC(=O)NC2=CC=C1,494.15
CCC1=NC2=CC=NN2C(NC2=CC=C(C=C2)C(C2=NN=NN2)C2=CC=CC=C2)=C1,494.15
NC(N1N[N+]([O-])=O)=NN=C1C2=NNN=C2[N+]([O-])=O,494.15
NC(=O)C1=C2NC(=O)C=CC2=C2OC(CN=[N+]=[N-])CC2=C1,494.65
CCCCC1=NC=C2N1C(CC=C2CC(=O)OC(C)(C)C)C1=CC=C(C=C1)C1=C(C=CC=C1)C1=NN=NN1,495.15
NN=CC1=NN=C(C2=CC=C(C=C2)[N+]([O-])=O)C2=C(C1)C=C1OCOC1=C2,495.15
NC1=CC=C(NC(=O)NC2=CC=C(C=C2)[N+]([O-])=O)C=C1,495.15
COC1=CC=C(C=C1)N=NC1=CC(C(=O)NCC2=NN=NN2)=C(O)C=C1,495.65
CC(C)C1=C(C#N)C(C2=CNN=C2N1)C1=CC=CC2=NON=C12,495.65
OC1=C(CN2CCNC2=O)C=C(C=C1)[N+]([O-])=O,496.15
CC1CC2=C(C=C3OCOC3=C2)C(=NN1C(=O)C1=CC=CC=C1)C1=CC=C(C=C1)[N+]([O-])=O,496.15
CN(CCC1=CC=C(C=C1)[N+]([O-])=O)CC1=CC=CC=C1,496.15
CC(C)(C)C1=CC=C(C=C1)C1=NC(C(O)=O)=C(N1)C1=CC=C(C=C1)[N+]([O-])=O,496.15
CC1=CC=C(C(C[C@H](NC(N)=O)C(O)=O)=C1C)[N+]([O-])=O,496.65
CC1=CC(CC2NC(=O)NC2=O)=C(C=C1)[N+]([O-])=O,496.65
C(OC1=CC(OCC2=NC3=CC=CC=C3C=C2)=CC=C1)C1=CC2=C(C=C1)N=C(O2)C1=NN=NN1,497.15
NC1=NC([N+]([O-])=O)=NN1CN([N+]([O-])=O)C,497.15
[O-][N+](/N=C(N([H])[H])\N([H])[H])=O,497.15
CCC1=NC2=CC=NN2C(=C1)N(CC(O)=O)CC1=CC=C(C=C1)C1=C(C=CC=C1)C1=NN=NN1,497.65
CC1=CC=CC(C)=C1NC(=O)NC1=NN=NN1CC1=CC=CC=C1,498.15
O=C1N(CN2N=NC(=N2)C2=CC(=NC=C2)C2=NN(CN3C(=O)C4=CC=CC=C4C3=O)N=N2)C(=O)C2=CC=CC=C12,498.15
NC1=NC(N)=C([N+]([O-])=O)N=N1,498.15
O=[N+](C(C=C1[N+]([O-])=O)=NN1C2=NON=C2[N+]([O-])=O)[O-],498.15
CC1=C(C(O)=O)C(O)=C(C=C1[N+]([O-])=O)C(C)(C)C,498.65
CC1=C(CC2NC(=O)NC2=O)C(=CC=C1)[N+]([O-])=O,498.65
CN1C=C(C(=O)NN=CC2=CC=C(O2)[N+]([O-])=O)C(=N1)[N+]([O-])=O,499.15
NC1=C(C(NCCO)=C(C(NCCO)=C1[N+]([O-])=O)[N+]([O-])=O)[N+]([O-])=O,499.15
C(N1C=CC2=C(C=CC=C12)C1=NN=NN1)C1=CC=CC=C1,499.15
COC1=C(C=C(C)C=C1[N+]([O-])=O)[N+]([O-])=O,499.15
[O-]C1=C([N+]#N)C([N+]([O-])=O)=NN1CN2C([O-])=C([N+]#N)C([N+]([O-])=O)=N2,499.15
CCCCCC1=C(OC2=C1C=CC=C2)C1=C2C=CC=NC2=C(OCC2=NN=NN2)C=C1,500.15
CN1C2=C(C=CC=C2)N(C2=CC=CC=C2)C(=O)C(NC(=O)NC2=CC(=CC=C2)C2=NN=NN2)C1=O,500.65
OC1=CC(=NN1)C1=CC(=C(O)C(O)=C1)[N+]([O-])=O,501.15
CCN1N=NC(NC(=O)C2C3=CC=CC=C3OC3=C2C=CC=C3)=N1,501.15
CC1=CC=CN=C1C(=O)NC1=NN=NN1,501.65
CCOC1=CC(=NC(=C1)C1=CC=C(C=C1)N(CC)CC)C(=O)NC1=NN=NN1,502.15
CCCCN1C(CC2=CC=C(C=C2)C2=C(C=CC=C2)C2=NNN=N2)=C(C(O)=O)C2=CC=CC=C12,502.15
CCC1=C(C#N)C(C2=CNN=C2N1)C1=C(C=CC=C1)[N+]([O-])=O,502.15
O=[N+](C1=NON=C1NC(N=N2)=NN3C2=NN=C3)[O-],502.25
[O-][N+](=O)C1=CC=C(O1)C1=NN(C=C1C=NNC1=NC=CC=C1)C1=CC=CC=C1,502.65
CCCCC1=NC2=C(N1CC1=CC=C(C=C1)N1C=CC(=C1)C1=NN=NN1)C(=CC=C2)C(=O)OC,502.65
C[C@@H]1CC2=C(C(=O)CC[C@]2(C)[C@H]2CC[C@]3(C)[C@H](O)CC[C@H]3[C@H]12)[N+]([O-])=O,502.65
CC(C)C1=NC(N)=C2C(=NN(C)C2=N1)C1=CC=C(O1)[N+]([O-])=O,503.15
CC1=CC=C2N(O)C(=O)C=CC2=C1[N+]([O-])=O,503.15
[O-][N+](=O)C1=CC=C(C=C1)C1=CNC(=N1)C#N,503.15
OC(=O)C1=C(C=C(O)C=C1)[N+]([O-])=O,503.15
COC1=CC(=CC2=C1C(=O)C1=C(OC)C=CC(=C1C2=O)[N+]([O-])=O)C(O)=O,503.15
OC1=C(CCCOC2=CC=CN=C2OC2=CC(=CC=C2)C2=NN=NN2)C=CN=C1,503.15
CC(=O)C1=C(C#N)C(C2=CNN=C2N1)C1=CC=CC2=NON=C12,503.15
CC(=O)NCC(NC(C)=O)C1=CC=C(C=C1)[N+]([O-])=O,503.65
CCOCCOC1=CC(C=C2NC(=O)NC2=O)=C(C=C1)[N+]([O-])=O,503.65
[O-][N+](=O)C1=CN2CC3(CCN(CC3)C(=O)NC3=CC=CC=C3)OC2=N1,503.65
O=C1C=CC(=NN1CCC1=NN=NN1)C1=C2C=CC=CN2N=C1C1=CC=CC=C1,504.15
C=CCOC1=C(C=CC=C1)C1=NC=C(C2=NN=NN2)C(=O)N1,504.35
C(N1C=CN=C1CC1=NN=NN1)C1=CC=CC=C1,505.15
CCCC(=O)C1=CC(C)=CC(NC(=O)C2=NN=NN2)=C1O,505.15
CC1=CC=CC(C)=C1NC(=O)NC1=NN(CC2=CC=CC=C2)N=N1,505.65
[O-][N+](=O)C1=CC=C(CCN2CC[C@@H]3[C@H](CCC4=C3C=CC=C4)C2)C=C1,505.65
[O-][N+](=O)C1=CC=C(NC(=O)OCC2=CC=CN=C2)C=C1,506.15
OC1=C(C=CN=N1)C(=O)OC1=CC=C(C=C1)[N+]([O-])=O,506.15
[O-][N+](=O)C1=C(C=C2NC(=O)NC2=O)C=C(C=C1)N1CCN(CC1)C1=CC=CC=C1,506.15
CCCC1=NC(CO)=C(N1CC1=CC=C(C=C1)C1=C(C=CC=C1)C1=NN=NN1)C(O)=O,506.15
ON=CC1=CNN=C1C1=CC=C(O1)[N+]([O-])=O,507.15
NC1=NN=NN1CCN(N=N2)N=C2[N+]([O-])=O,507.15
ON=CC1=CN(N=C1C1=CC=C(O1)[N+]([O-])=O)C1=CC=CN=C1,507.35
CC1=CC(NCCCC[C@H](N)C(O)=O)=C(C=C1)[N+]([O-])=O,507.65
OC1=C(C=C(C=C1[N+]([O-])=O)[N+]([O-])=O)C(=O)NC1=NN=NN1,508.15
ON1C(=O)C(=O)NC2=CC(=C(C=C12)C1=NC=CN1)[N+]([O-])=O,508.15
O=[N+](C1([N+]([O-])=O)[C@@H]2N([N+]([O-])=O)[C@H]3C([N+]([O-])=O)([N+]([O-])=O)[C@H](N([N+]([O-])=O)[C@@H]1C3)C2)[O-],508.15
[O-][N+](=O)C1=C(C=CC=C1)C1=NNC2=C1C(=O)CCC2,509.15
OC1=CC2=NN=NN2C2=NC=CC=C12,509.15
[O-]C1=N[N+](C2=CC=C([N+]([O-])=O)C=C2)=NO1,509.15
CC(=O)C1=C(O)C(=C(C)NC2=CC(=C(O)C=C2)[N+]([O-])=O)C(=O)OC1=O,509.65
COC(=O)C1(C(=O)OC)C(=O)NC2=CC(=CC=C12)[N+]([O-])=O,509.65
CN1CCC(CC1)C1=CNC2=CC=C(NC(=O)C3=CC=C(C=C3)[N+]([O-])=O)N=C12,510.05
COC1=C(C=NNC(=N)NN=CC2=C(OC)C=C(C=C2)[N+]([O-])=O)C=CC(=C1)[N+]([O-])=O,510.15
CN1C=C(C=NNC2=CC3=CC=CC=C3N=C2)C(=N1)C1=CC=C(O1)[N+]([O-])=O,510.15
OC1=C(C=CC=C1[N+]([O-])=O)C(=O)NC1=NN=NN1,510.15
CNC(C(O)=O)C1=CC=CC2=C1OC(=C2C1=CC=CC=C1)[N+]([O-])=O,510.15
CCCC1=C(OCC2=CC=CN3C(=O)C(CCC4=NN=NN4)=CN=C23)C=CC(C(C)=O)=C1O,510.65
CCN(CC)C=CC1=C(C2=C(C=C1)C(=O)C1=CC=CC=C1C2=O)[N+]([O-])=O,511.15
CC1=C(C(C2=CC(=CC=C2)[N+]([O-])=O)C(=C(C)N1)[N+]([O-])=O)[N+]([O-])=O,511.65
CCCOC1=CC(=NC(=C1)C1=CC=C(N)C=C1)C(=O)NC1=NN=NN1,511.65
CC1=C(C=C2NC(=O)NC2=O)C(=CC=C1)[N+]([O-])=O,511.65
O=C1NCCN1C1=CC=C(C=C1)N1C=NN=N1,511.65
C(OC1=CC2=CC=C(C=C2C=C1)C1=CC=C(N1)C1=CC=CC=C1)C1=NN=NN1,511.65
OC(=O)C1=C(NC(=O)C2=C(C=CC=C2)[N+]([O-])=O)C=CC=C1,511.65
COC(=O)C1=C(C)NC(C)=C(C1C1=CC(=CC=C1)[N+]([O-])=O)C(=O)OC(CN1CCCCC1)C1=CC=CC=C1,512.15
CN(C)NC(=O)C1=NC(NC(=O)C2=NC(=CN2C)[N+]([O-])=O)=CN1C,512.15
CCN1N=NC(NC(=O)C2C3=CC=CC=C3OC3=C2C=CC=C3OC)=N1,512.65
COC(=O)C1=CC2=C3C(CO)CN(C(=O)C4=CC5=CC(OC)=C(OC)C(OC)=C5N4)C3=CC(=C2N1)[N+]([O-])=O,512.95
[O-][N+](=O)C1=CC=C(C=CC(=O)OC2=CC=CC=C2)C=C1,513.15
NC1=C(C(NCCO)=C(C(N)=C1[N+]([O-])=O)[N+]([O-])=O)[N+]([O-])=O,513.15
COC1=C(O)C(=CC(=C1)C1=NN=NN1)[N+]([O-])=O,513.15
OC1=CC(=CC(=C1O)[N+]([O-])=O)C1=NN=NN1,513.15
OC1=C(O)C(=CC(=C1)C1=CC(=O)C2=C(O1)C=CC=C2)[N+]([O-])=O,513.15
CC(C)C1=NC=CN1C1=C(C=C2NC(=O)C3=NNC(=O)N3C2=C1)[N+]([O-])=O,513.15
[O-][N+](=O)C1=C(C=C2NC(=O)C(=O)NC2=C1)N1C=CC(CNC(=O)NC2=CC=NC=C2)=C1,513.15
CC(C)CC(CN)C1=NN=NN1,513.15
C(OC1=C2N=CC=CC2=C(C=C1)C1=CC2=C(O1)C=CC=C2)C1=NN=NN1,513.15
N1N=NN=C1C1=CC=CN=C1,513.15
C1[C@@H]2CCCC[C@@H]2N[C@@H]1C1=NN=NN1,513.15
CCC1=CC(NC(=O)C2=NN=NN2)=C(O)C(=C1)C(C)=O,513.65
O=[N+](N1CN([N+]([O-])=O)CN([N+]([O-])=O)C1)[O-],514
CCCOC1=C(C=C(C=C1)[N+]([O-])=O)C1=NC(=O)C2=NN=NC2=N1,514.15
CC1=C(C)N=C(C=C1)C(=O)NC1=NN=NN1,514.15
CC(C)OC1=C(OC(C)=C1)C(=O)NC1=NN=NN1,514.15
OCC1=CNC(=N1)C1=C(C=C2NC(=O)C(=NC2=C1)C(O)=O)[N+]([O-])=O,514.15
NC(C([N+]([O-])=O)=NN1N)=C1[N+]([O-])=O,514.15
CC1=NC(C(O)=O)=C2CN=C(C3=CC=CC=C3)C3=C(C=CC(=C3)[N+]([O-])=O)N12,514.65
OC1=C(C(=O)NC2=C1CCCC2)[N+]([O-])=O,515.15
NN1C2=C([N+]([O-])=O)C([N+]([O-])=O)=NN2CN3N=C([N+]([O-])=O)C([N+]([O-])=O)=C13,515.15
O=C1N/C(N([H])C2=NNN=C21)=N/[N+]([O-])=O,515.15
O=[N+](/N=C(N1)\NN=C1CC(N/2)=NNC2=N/[N+]([O-])=O)[O-],515.15
O=C1N(/C(N(C2=NN([H])N=C21)[H])=N/[N+]([O-])=O)[H],515.15
COC1=CC(=NC=C1)C(=O)NC1=NN=NN1,515.65
CCN(CC)CCC(=O)N1CCC2=C(C1)C1=C(NC(=O)C(=O)N1)C=C2[N+]([O-])=O,515.65
CNC(=O)N1N=C(C2=CC=C(C=C2)[N+]([O-])=O)C2=C(CC1CO)C=C1OCOC1=C2,515.65
[O-][N+](=O)N1CN(CC2(C1)CN(CN(C2)[N+]([O-])=O)[N+]([O-])=O)[N+]([O-])=O,516.15
COC1=CC2=C(CCN(CC2)C2=C(C(=O)NC(C)=N2)[N+]([O-])=O)C=C1,516.15
CN1C(=O)C2CC3=C(C=C4OCOC4=C3)C(=NN2C1=O)C1=CC=C(C=C1)[N+]([O-])=O,516.15
OC(=O)C1=CC(=CC(NC(=O)NC2=CC=C(C=C2)[N+]([O-])=O)=C1)C(O)=O,517.15
N/C(NC)=C([N+]([O-])=O)/[N+]([O-])=O,517.61
OC(=O)C1=C(C=CC(=C1)[N+]([O-])=O)N1CCCC1,518.15
O=C1C=C(OC2=C1N(C1=C2C=CC=C1)C1=CC=CC=C1)C1=NN=NN1,518.15
[O-][N+](=O)C1=CC=C(C=NNC2=CC=C(N=N2)N2CCOCC2)C=C1,518.15
CC(C)(O)CNC1=C(C=NC2=CC=CC=C12)[N+]([O-])=O,518.15
NC1=NON=C1N2N=C([N+]([O-])=O)C=C2[N+]([O-])=O,518.15
[O-][N+](=O)C1([N+](=O)[O-])CN([N+](=O)[O-])C1,518.4
CN(C)C1=CC=C(NC(=O)N2CCC3(CN4C=C(N=C4O3)[N+]([O-])=O)CC2)C=C1,518.65
NC1=C(C=C(C(C2=C(C(NCCO)=C(C=C2[N+]([O-])=O)[N+]([O-])=O)[N+]([O-])=O)=C1[N+]([O-])=O)[N+]([O-])=O)[N+]([O-])=O,519.15
CN=CC1=NN=C(C2=CC=C(C=C2)[N+]([O-])=O)C2=C(C1)C=C1OCOC1=C2,519.15
NC1=NON=C1C2=NN=C(N)O2,519.15
NC(=O)CC1NCCC2=CC=C(C=C12)[N+]([O-])=O,519.65
CC(C)COC1=C(C=C(C=C1)C1=NC2=C(N1)C=CC=C2O)[N+]([O-])=O,519.65
CC1=CC(=NC(C)=C1)C(=O)NC1=NN=NN1,520.65
CC1=C(C(O)=O)C(=NC(=N1)C1=CC=CC=C1)C1=CC=C(C=C1)[N+]([O-])=O,520.65
CC1CCN(CC1)C1=CN=CC(=N1)C(=O)NC1=NN=NN1,520.65
O=C1C2=C(COC3=C1C=C(C=C3)C1=NN=NN1)C=CC=C2,521.15
OC1=CC2=NN=NN2C2=CC=CC=C12,521.15
O=[N+](NC1=NON=C1C2=NN=C(N=NC3=NN=C(C4=NON=C4N[N+]([O-])=O)O3)O2)[O-],521.15
[O-][N+](=O)C1=CC=C2C(NC=C2C2=CCNCC2)=C1,521.65
COC1=CC=CC(NC(=O)C2=NN=NN2)=C1C(N)=O,522.15
NC(=O)NN=CC1=CC=CC2=C1OC(=C2C1=CC=CC=C1)[N+]([O-])=O,522.15
CC(=O)NC1=CC=C2C(C(=O)NC(=O)C2(C)C)=C1[N+]([O-])=O,522.15
[O-][N+](=O)C1=NC(CCC2=CNC(=N2)[N+]([O-])=O)=CN1,522.15
[O-][N+](=O)C1=NC=CN1C=C,522.15
CC1(C)CC(=O)C2=C(C1)NC1=C(C2C2=CC=C(O2)[N+]([O-])=O)C(=O)CC(C)(C)C1,522.15
NC1=NOC(C2=NON=C2N)=N1,522.15
COC1=C(OC)C=C2C(C=C(CO)C(CO)=C2C2=CC(=NC=C2)N2C=C(C=CC2=O)[N+]([O-])=O)=C1,522.65
CC(C)(NC1=C(C(O)=NC(N)=N1)[N+]([O-])=O)C(COC1=CC=CC=C1)=NO,523.15
CCC(CC)(NC1=C(C(O)=NC(N)=N1)[N+]([O-])=O)C(CO)=NO,523.15
COC1=CC=C(C=C[N+]([O-])=O)C2=C1NC(=O)N2,523.15
OC1=CC(C=CC2=CC=NC3=CC=CC=C23)=CC(=C1O)[N+]([O-])=O,523.15
[O-][N+](=O)C1=C2N(C=N1)C(=O)C1=C(N=CN1C2=O)[N+]([O-])=O,523.15
COCCN(N1N=NC(=N1)C1=CN=C(C=C1)C1=NN(N=N1)N(CCOC)C(C)=O)C(C)=O,523.15
[O-][N+](=O)C1=C(C=C2N3C(=O)NN=C3C(=O)NC2=C1)N1CCOCC1,523.15
[O-][N+](=O)C1=CC=C(C=C1)C1=NN2C(COC2=O)CC2=C1C=C1OCOC1=C2,523.15
CC1=C(C(=O)NCC(O)=O)C2=C(NC(=O)C(=O)N2)C=C1[N+]([O-])=O,523.15
CC1=NC(N2CCC(O)(CC2)C2=CC=CC=C2)=C(C(=O)N1)[N+]([O-])=O,523.15
CC1=NC(N2CCN(CC2)C2=CC=CC=C2)=C(C(=O)N1)[N+]([O-])=O,523.15
[O-][N+](=O)C1=CC=C(C=C1)C1=CC2=CC(=CC=C2OC1=O)[N+]([O-])=O,523.15
CC1=CC(=CC(C)=C1)C1=C2N=CC=C(N2N=C1)C1=CC(=CC=C1)C1=NN=NN1,523.15
O=[N+](C1=C([N+]([O-])=O)C([N+]([O-])=O)=NN1CCN2N=C([N+]([O-])=O)C([N+]([O-])=O)=C2[N+]([O-])=O)[O-],523.15
O=[N+](N(CN1C([N+]([O-])=O)=CC([N+]([O-])=O)=N1)CN2C([N+]([O-])=O)=CC([N+]([O-])=O)=N2)[O-],523.15
O=[N+](C1=CC2=C(N/C(N2)=N/[N+]([O-])=O)C=C1[N+]([O-])=O)[O-],523.15
CC1=C([N+]([O-])=O)C=C([N+]([O-])=O)C=C1[N+]([O-])=O,523.2
CCCC1=C(OCC2=CC=CN3C(=O)C(CC4=NN=NN4)=CN=C23)C=CC(C(C)=O)=C1O,523.65
O=[N+]([O-])C1=C([H])C([N+]([O-])=O)=C([H])C([N+]([O-])=O)=C1C([H])([H])[H],523.95
CC(C)(C)CN1C(=O)C(=O)NC2=CC(=C(C=C12)N1C=CC(C=NO)=C1)[N+]([O-])=O,524.15
O=[N+](C1=NNC(C2=NC([N+]([O-])=O)=NN2)=N1)[O-],524.15
CC1(CN2C=NC3=C2C=CC=C3)CN2C=C(N=C2O1)[N+]([O-])=O,524.25
CCCOC1=C(C=C(N)C=C1)C1=NC=C(C2=NN=NN2)C(=O)N1,524.65
CNC1=CC=C(C=C1)C1=CC(OC)=CC(=N1)C(=O)NC1=NN=NN1,524.65
COC1=CC(=NC(=C1)C1=CC=C(N)C=C1)C(=O)NC1=NN=NN1,525.15
NN1N=C([N+]([O-])=O)C([N+]([O-])=O)=C1C2=C([N+]([O-])=O)C([N+]([O-])=O)=NN2N,525.15
O=[N+](C1=C(N([H])C2=NN=NN2[H])N=C([H])C([N+]([O-])=O)=C1[H])[O-],525.15
[O-][N+](=O)NC(=N)N,525.2
[O-][N+](=O)C1=CC=C(C=C2NC(=O)NC2=O)C=C1,525.65
COC1=CC=CC(=N1)C(=O)NC1=NN=NN1,525.65
CN1N=C(C)C(NC2=C(C=CC=C2)[N+]([O-])=O)=C1C(O)=O,526.65
[H]N1N=C([N+]([O-])=O)N([H])C1=O,526.95
NC1=C2C(=O)CCCC2=NC2=CC=C(C=C12)[N+]([O-])=O,527.15
CCCCC1=NC2=C(N1CC1=CC=C3C(=O)N(C=NC3=C1)C1=C(C=CC=C1)C1=NN=NN1)C(=CC=C2)C(O)=O,527.15
NN1C(N)=C([N+]([O-])=O)C([N+]([O-])=O)=N1,527.15
CCN1C2=C(C=CC=C2)C2=C1C(=O)C=C(O2)C1=NN=NN1,528.15
CCN(CC)C1=CC=C(C=C1)C1=CC(C)=CC(=N1)C(=O)NC1=NN=NN1,528.15
CCOC(=O)C1CC2=C(CN1)NC1=CC(=CC=C21)[N+]([O-])=O,528.15
COC1=CC(=NC(C)=C1)C(=O)NC1=NN=NN1,528.15
NC1=C(C=C2OCOC2=C1)C(=O)NC1=NN=NN1,528.15
COC1=CC(=C2N=CC=C(C)C2=C1O)[N+]([O-])=O,528.15
CC1=C2CCCCC2=C(C(=O)N1)[N+]([O-])=O,528.15
CC1=NN=C(C2=CC=C(C=C2)[N+]([O-])=O)C2=C(C1)C=C(O)C(O)=C2,528.15
[H]N1N=NN=C1C2=NON=C2/N=N/C3=NON=C3C4=NN=NN4,528.15
CCCOC1=C(C=C(C=C1)C1=NN=NN1)C1=NC(=O)C2=NN=NC2=N1,529.15
CCNC1=CC=C(C=C1)C1=CC(OCC)=CC(=N1)C(=O)NC1=NN=NN1,529.15
O=C1N2CCCC2OC2=CC3=C(C=C12)N=NN(CC1=CC2=NON=C2C=C1)C3=O,529.15
NC1=NC(N2N=C([N+]([O-])=O)C=C2[N+]([O-])=O)=NN1,529.15
CCCOC1=C(C=CC=C1)C1=NC=C(C2=NN=NN2)C(=O)N1,529.65
CN1C2=C(C=C(C)C=C2)C2=C1C(=O)C=C(O2)C1=NN=NN1,530.15
CC(=O)C1=CC(C)=CC(NC(=O)C2=NN=NN2)=C1O,530.15
NC(C([N+]([O-])=O)=NN1CCN2N=NN=C2N)=C1[N+]([O-])=O,530.15
CC(C)OC1=C(OC(C(=O)NC2=NN=NN2)=C1OC(C)C)C(=O)NC1=NN=NN1,530.65
NC1=C2C=CC=C(C#N)C2=C(C=C1)[N+]([O-])=O,530.65
[O-][N+](=O)C1=CC=C2C(=O)NC(=O)CC2=C1,530.65
OC1CCCN(C1)C1=CN=CC(=N1)C(=O)NC1=NN=NN1,531.15
CC1=CC(NCCC[C@@H](NC(=O)OC(C)(C)C)C(O)=O)=C(C=C1)[N+]([O-])=O,531.15
CC1=CC=CC(C(=O)NC2=NN=NN2)=C1N,531.65
CC1=CC=C(O1)C=CC(=O)NC1=NN=NN1,531.65
CC(=O)NC=C1NN2C(C=C1N)=NN=C2C1=CC=C(O1)[N+]([O-])=O,532.15
[O-][N+](=O)C1=C(NN2C=CC3=CC=CC=C23)N=CN=C1NN1C=CC2=CC=CC=C12,532.15
CC(=O)NC1=C(C2=C(C=C1C)N1CCC(O)C1=N2)[N+]([O-])=O,532.15
CC1=C(NC2=NC=NC(=C2)C2=CN=CN=C2)C=C(C=C1)[N+]([O-])=O,532.15
COC1=CC(=NC(=C1)C1=CC(N)=CC=C1)C(=O)NC1=NN=NN1,532.65
CCN1N=NC(NC(=O)C2C3=CC=CC=C3OC3=C2C(OC)=CC=C3)=N1,532.65
CC1=CC(=NC(=C1)C1=CC=C(N)C=C1)C(=O)NC1=NN=NN1,533.15
[O-][N+](=O)C1=CC(=NC=C1)C(=O)NC1=NN=NN1,533.15
CNC1=CN=CC(=N1)C(=O)NC1=NN=NN1,533.15
CC1=CC2=CC=CC(C(O)=O)=C2N1CC1=CC=C(C=C1)C1=C(C=CC=C1)C1=NN=NN1,533.15
CCCC1=NC=CN1C1=C(C=C2NC(=O)C3=NNC(=O)N3C2=C1)[N+]([O-])=O,533.15
OC1CCN(CC1)C1=CN=CC(=N1)C(=O)NC1=NN=NN1,533.35
CC(=O)C1=CC(C2=NN=NN2)=C(O)C=C1,533.65
COC1=C2N=CN(C3=NN=NN3)C(=O)C2=CC=C1,533.65
CC1=C(C(=O)NC2=CC=C(C=C2)[N+]([O-])=O)C(=NO1)C(O)=O,533.65
NC1=CC(=CN=C1N)[N+]([O-])=O,534.15
[O-][N+](=O)C1=CN2CC3(CCN(CC3)C(=O)CN3CCN(CC3)C3=NC4=C(O3)C=CC=C4)OC2=N1,534.65
O=C(NC1=NN=NN1)C1=NC(C=CC2=CC=CC=C2)=CC=C1,534.95
CCCC1=C(OCC(O)COC2=CC=C3C(O)=C(C(=O)OC3=C2)[N+]([O-])=O)C=CC(C(C)=O)=C1O,535.15
CC1=CC=CC(C(=O)NC2=NN=NN2)=C1[N+]([O-])=O,535.65
CCOC(=O)C1=C(O)C=C2C(C=CC3=C2OC(N)=C(C#N)C3C2=CC(=CC=C2)[N+]([O-])=O)=C1,535.65
CC(C)(C)CN1C(=O)C(=O)NC2=CC(=C(C=C12)N1C=CC(C=O)=C1)[N+]([O-])=O,536.15
NC1=CC=C(C(NC2=CC=C3NN=CC3=C2)=N1)[N+]([O-])=O,536.15
COC1=CC2=C(C=C1OC)C1=NN=C3C=CC(=CC3=C1N(CCN(C)C)C2=O)[N+]([O-])=O,536.15
OC(=O)C1=NC(=CC(O)=C1)C1=CC(=CC=C1)[N+]([O-])=O,536.65
CC1=CC(NCCC[C@H](N)C(O)=O)=C(C=C1)[N+]([O-])=O,536.65
CCCOC1=NC2=C(N1CC1=CC=C(C=C1)C1=C(C=CC=C1)C1=NN=NN1)C(=CC=C2)C(O)=O,536.65
CC(C)(C)NCC(O)COC1=C(C=C(C=C1)C1=NNC(=O)CC1)[N+]([O-])=O,537.15
CCN1C(=CC=CC2=C(C=C(C=C2)[N+]([O-])=O)C#N)C=CC2=CC=CC=C12,537.15
CCOC1=CC(=NC(=C1)C1=CC=C(N)C=C1)C(=O)NC1=NN=NN1,537.15
OCCNC1=C(C=C(C(C2=NN=C(O2)C2=C(C(NCCO)=C(C=C2[N+]([O-])=O)[N+]([O-])=O)[N+]([O-])=O)=C1[N+]([O-])=O)[N+]([O-])=O)[N+]([O-])=O,537.15
CN([N+]([O-])=O)CN1C(N2C=C([N+]([O-])=O)C([N+]([O-])=O)=N2)=C([N+]([O-])=O)C=N1,537.15
CC1=C(C)C(=C2C(=O)C3=C(NN=N3)C(=O)C2=C1)[N+]([O-])=O,537.65
OC(=O)C1=CN(N=C1C1=CC=C(O1)[N+]([O-])=O)C1=CC=CC=C1,537.95
[O-][N+](=O)C1=CC=CC(=C1)C(=O)OC1=CC=CC2=CC3=CC=CC(OC(=O)C4=CC(=CC=C4)[N+]([O-])=O)=C3C(OC(=O)C3=CC(=CC=C3)[N+]([O-])=O)=C12,538.15
OCC1=CC=C2OC=C(C3=NN=NN3)C(=O)C2=C1,538.15
CN1C2=C(OC(=CC2=O)C(O)=O)C2=C1C(=CC(=C2)[N+]([O-])=O)[N+]([O-])=O,538.15
CNC1=CC=C(C=C1)C1=CC=CC(=N1)C(=O)NC1=NN=NN1,538.15
OC(=O)C1=CC=CC(=C1)C1=CC=C(C=C1)[N+]([O-])=O,538.15
CC1(C)OC(=O)NC2=C1C=C(C=C2)C1=CC=C(N1)[N+]([O-])=O,538.15
O=C(NC1=NN=NN1)C=CC1=CC=NC=C1,538.65
COC1=CC=CC(C(=O)NC2=NN=NN2)=C1O,539.15
NC(=O)C1=C([O-])N=C[NH+]1CC1=CC=C(C=C1)[N+]([O-])=O,539.15
CC(C)C1=NC2=C(N1CC1=CC=C(C=C1)C1=C(C=CC=C1)C1=NN=NN1)C(=CC=C2)C(O)=O,539.15
N1N=NN=C1C1=CC(=NC=C1)C1=NN=NN1,539.15
COC1=CC2=C(NC(=O)CN(C2)C(C)=O)C=C1[N+]([O-])=O,539.15
CN(C)C1=CC=C(C=C1)C1=CC(C)=CC(=N1)C(=O)NC1=NN=NN1,540.15
COC1=C(C=CC(=C1)C(=O)C1=C(C)C(C(=O)OCC2=CC=CC=C2)=C2C=C(N)C=CN12)[N+]([O-])=O,540.15
N/C(N)=C([N+]([O-])=O)\C1=NC=NN1,540.15
NN1C=NN=C1N2N=CC3=C2C=C([N+]([O-])=O)C=C3[N+]([O-])=O,540.15
NN1C=NN=C1N(N=C2)C3=C2C([N+]([O-])=O)=CC([N+]([O-])=O)=C3,540.15
CC1=C2N=CN(C3=NN=NN3)C(=O)C2=CC=C1,541.15
O=C(NC1=NN=NN1)C1=NC=CC=C1,541.95
CC(C)C1=CC(=NC(=C1)C1=CC=C(N)C=C1)C(=O)NC1=NN=NN1,542.15
CN1C=C(C2=CC=CC=C12)C1=C(C(=O)NC1=O)C1=CN(CCCNC(N)=N[N+]([O-])=O)C2=CC=CC=C12,542.15
COC1=CC2=C(CCN(CC2)C2=C(C(=O)NC(C)=N2)[N+]([O-])=O)C=C1OC,542.15
[O-][N+](=O)C1=CC=CC(=C1)C1=C2CCNC(=O)C3=CC=CC(N1)=C23,542.15
COC1=C(C=C(C=C1)[N+]([O-])=O)C1=CC2=C(C3=C(N2)C=CC(O)=C3)C2=C1C(=O)NC2=O,542.15
CCCC1=C(OCC2=CC=CN3C(=O)C(=CN=C23)C2=NN=NN2)C=CC(C(C)=O)=C1O,542.65
CC1=NC(=CN1)C1=C(C=C2NC(=O)C(=NC2=C1)C(O)=O)[N+]([O-])=O,542.65
CC1CCC2=C3N1C=C(C(O)=O)C(=O)C3=CC=C2C1=NN=NN1,543.15
COC1=CC(CC2=CN=C(N)N=C2N)=C2C=CC=NC2=C1[N+]([O-])=O,543.15
NC1=CC=C(C=C1)C1=CC=CC(=N1)C(=O)NC1=NN=NN1,543.65
COC1=CC(=NC(=C1)C1=CC(=CC=C1)[N+]([O-])=O)C(=O)NC1=NN=NN1,543.95
CC1=CC(C)=C2C=C(C(=O)NC2=N1)[N+]([O-])=O,544.15
CC(C)C1=CC(=NC(=C1)C1=CC=C(C=C1)[N+]([O-])=O)C(=O)NC1=NN=NN1,544.15
CCC1=C(CC)C(=C2NC(=O)C(=O)NC2=C1)[N+]([O-])=O,544.15
NN1C(C2=NC([N+]([O-])=O)=NN2N)=NC([N+]([O-])=O)=N1,544.15
OC1=C(C=C(C=C1)[N+]([O-])=O)C(=O)NC1=NN=NN1,544.65
CN1C(C=NNC(N)=O)=NC=C1[N+]([O-])=O,545.65
CNC1=CC=C(C=C1)C1=CC(C)=CC(=N1)C(=O)NC1=NN=NN1,545.65
CCNC1=CN=CC(=N1)C(=O)NC1=NN=NN1,545.95
CC(C)NC1=CN=CC(=N1)C(=O)NC1=NN=NN1,546.15
CC(=O)N(N)C1=C(C=C(C=C1)C(O)=O)[N+]([O-])=O,546.15
C(OC1=C2N=CC=CC2=C(C=C1)C1=C(C2=C(O1)C=CC=C2)C1=CC=CC=C1)C1=NN=NN1,546.15
CC(C)(C)N1CC(COC2=CC(C=C3NC(=O)NC3=O)=C(C=C2)[N+]([O-])=O)OC1=O,547.15
C(CN1C=CN=C1)CC1=CC=C(OCC2=COC(=N2)C2=CC=C(C=C2)C2=NN=NN2)C=C1,547.15
NC1=CC=CC(=C1)C1=CC=CC(=N1)C(=O)NC1=NN=NN1,547.65
[O-][N+](=O)C1=CN=C(C=C1)C(=O)NC1=NN=NN1,547.65
CC1=NC(=CC(C2=CC(=CC=C2)[N+]([O-])=O)=C1C(O)=O)C1=CC=CC=C1,548.15
CCOC(=O)NC1=NC(N)=C(C(NC(C)C(O)C2=CC=CC=C2)=C1)[N+]([O-])=O,548.15
COC1=C(OC)C=C2C(=C1)N=CN=C2N1CCC2=CC=C(C=C12)[N+]([O-])=O,548.15
O=c1[nH]c(n[nH]1)[N+](=O)[O-],548.7
O=[N+](C1=C(N([H])[H])N2N=C([H])N=C2N=N1)[O-],548.75
N/C(N)=C([N+]([O-])=O)\C1=NC=NC(N)=N1,549.15
O=[N+](C1=NN2C(NC3=C([N+]([O-])=O)C([N+]([O-])=O)=NN3CCC2)=C1[N+]([O-])=O)[O-],549.15
CC(C(O)=O)C1=CC(=O)NC2=CC=C(C=C12)[N+]([O-])=O,550.15
[O-][N+](=O)C1=CC=CC(=C1)C1=CC=CC(=N1)C(=O)NC1=NN=NN1,550.15
CC(=O)NC1=C(C=C2CCCC2=C1)[N+]([O-])=O,550.15
OC1=C(C2=NN=NN2C2=NC=CC=C12)[N+]([O-])=O,551.15
[H]C(N([N+]([O-])=O)C([H])(N1[N+]([O-])=O)[H])(N(C([H])(N([N+]([O-])=O)C1([H])[H])[H])[N+]([O-])=O)[H],551.65
CCCNC1=CN=CC(=N1)C(=O)NC1=NN=NN1,551.95
CN1C(=NC=C1[N+]([O-])=O)C1=NN=C(N)N1,552.15
CCCCC1=CC(=NC(=C1)C1=CC=C(C=C1)[N+]([O-])=O)C(=O)NC1=NN=NN1,552.15
CC1=C(C(C)=C2C(=O)C(=O)NC2=C1)[N+]([O-])=O,552.15
CC1=C(NC2=CN=CC(=N2)C(=O)NC2=NN=NN2)C=CC=C1,552.65
CC(C)(C)N1C=C(C(O)=O)C2=CC(=CN=C12)[N+]([O-])=O,552.65
COC1=CC(=NC(=C1)C1=CC=C(C=C1)[N+]([O-])=O)C(=O)NC1=NN=NN1,553.15
O=C1N(C=NC2=CC3=C(OCO3)C=C12)C1=NN=NN1,553.15
NNC1=CC=C(C=C1)[N+]([O-])=O,553.15
O=[N+](C1=C(C(N(CCC2)N=C3[N+]([O-])=O)=C3[N+]([O-])=O)N2N=C1[N+]([O-])=O)[O-],553.15
CN(C)CCC1=C(C(N)=C(C=C1)C(O)=O)[N+]([O-])=O,554.15
O=C(NC1=NN=NN1)C=CC1=CNC2=CC=CC=C12,554.15
O=C(NC1=NN=NN1)C=CC1=NC2=CC=CC=C2C=C1,554.15
NC1=C(C(C(O)=O)=C(C(N)=C1[N+]([O-])=O)[N+]([O-])=O)[N+]([O-])=O,554.15
CCCCC1=NC2=C(N1CC1=CC=C3N=C(N(C)C(=O)C3=C1)C1=C(C=CC=C1)C1=NN=NN1)C(=CC=C2)C(O)=O,554.15
O=[N+](C(C([N+]([O-])=O)=NN1N=NN=C12)=C2N([H])[H])[O-],554.15
CC1=CC=CC(NC2=CN=CC(=N2)C(=O)NC2=NN=NN2)=C1,554.35
O=C(NC1=NN=NN1)C1=CC=CO1,554.65
CC(C)OC1=C(C=CC=C1)C1=NC=C(C2=NN=NN2)C(=O)N1,555.65
OC(=O)C1=CNC2=NC=C(C=C12)[N+]([O-])=O,556.65
O=[N+](C1=C2C([N+](C([H])([H])[H])=N1)=N[N+](N=C2N([H])[H])=O)[O-],557.05
OC(=O)C1=C(N=[N+]=[N-])C2=CC=CC=C2N=C1,557.15
[O-][N+](=O)C1=C(C=C2NC(=O)NC2=O)C=C(C=C1)N1CCCCC1,557.15
O=CC1=CC=C2OC=C(C3=NN=NN3)C(=O)C2=C1,557.65
CCCCC1=CN2C(C=C1)=NC=C(C1=NN=NN1)C2=O,557.65
CC1=CC(=NC(=C1)C1=CC=C(C=C1)[N+]([O-])=O)C(=O)NC1=NN=NN1,557.65
CC1=C(C)C(=C2NC(=O)C(=O)NC2=C1)[N+]([O-])=O,558.15
O=[N+](C1=CNN=C1[N+]([O-])=O)[O-],558.15
[O-][N+](=O)N1CN([N+](=O)[O-])CN([N+](=O)[O-])CN([N+](=O)[O-])C1,558.2
NNC(=O)C1=CN(N=C1C1=CC=C(O1)[N+]([O-])=O)C1=CC=CC=C1,558.65
[O-][N+](=O)C1=CC2=C(C=C1CN1C=CN=C1)N=NN2,559.15
CCCC1=C(OCC2=CC=CN3C(=N)C(=CN=C23)C2=NN=NN2)C=CC(C(C)=O)=C1O,559.15
COC1=C(OC)C=C2C(CCN3C(=O)C(=CN=C23)C2=NN=NN2)=C1,560.15
OC(=O)C1=CC2=C(OC(=C2C2=CC=CC=C2)[N+]([O-])=O)C2=CC=CC=C12,560.15
COC1=CC(=NC(=C1)C1=CC=C(NC(C)=O)C=C1)C(=O)NC1=NN=NN1,560.15
O=[N+](C1=C(N([H])[H])N(N=C1N(C(C([N+]([O-])=O)=C2[H])=C(C([H])=C2[N+]([O-])=O)[N+]([O-])=O)[H])[H])[O-],560.15
CCN(CC)CC(=O)N1CCC2=C(C1)C1=C(NC(=O)C(=O)N1)C=C2[N+]([O-])=O,560.65
CN1C=C(C2=CC3=CC=CN=C3N2)C2=CC(=CC=C12)C1=NN=NN1C,560.65
CCN1C2=C(C=CC=C2)C2=C1C(=O)C=C(O2)C(=O)NC1=NN=NN1,561.15
CN1C=C(C=NN2CC(=O)NC2=O)C(=N1)C1=CC=C(O1)[N+]([O-])=O,562.15
CCC1=CC=CN2C(=O)C(=CN=C12)C1=NN=NN1,562.15
CC1=CC(=NC(=C1)C1=CC(=CC=C1)[N+]([O-])=O)C(=O)NC1=NN=NN1,562.15
[O-][N+](=O)C1=C(C=C2NC(=O)NC2=O)C=C(C=C1)N1CCCC1,562.15
OC(=O)CC1=CC2=C(OC(=C2C2=CC=C(C=C2)C(O)=O)[N+]([O-])=O)C=C1,563.15
OC(=O)C1=CC(C(O)=O)=C(C(=C1)C(O)=O)[N+]([O-])=O,563.15
CN1C2=C(C=C(C)C=C2)C2=C1C(=O)C=C(O2)C(=O)NC1=NN=NN1,563.15
CC1=CC(C2=NN=NN2)=C(O)C(=C1)C(O)=O,564.15
O=C1N2C=CC3=C(CCCC3)C2=NC=C1C1=NN=NN1,564.15
CC1COC2=C(C=C(C3=C2N1C=C(C(O)=O)C3=O)[N+]([O-])=O)C1=CC=C(C=C1)[N+]([O-])=O,564.15
O=C(NC1=NN=NN1)C1=NC(NC2=CC=CC=C2)=CN=C1,564.95
CC1=CC=C(NC2=CN=CC(=N2)C(=O)NC2=NN=NN2)C=C1,564.95
CN1C(=CN=C1C1=CNN(N)O1)[N+]([O-])=O,565.15
COC1=C(C(N)=O)C(=C(OC)C(C(N)=O)=C1[N+]([O-])=O)[N+]([O-])=O,565.15
COC1=CC=C(NC2=CN=CC(=N2)C(=O)NC2=NN=NN2)C=C1,565.65
O=C(NC1=NN=NN1)C1=NC=CN=C1,566.65
CCC1=NC(N)=C2C(=NN(C)C2=N1)C1=CC=C(O1)[N+]([O-])=O,567.15
CN1C2=C(OC(=CC2=O)C(=O)NC2=NN=NN2)C2=C1C(=CC(=C2)[N+]([O-])=O)[N+]([O-])=O,567.15
COC(=O)C1=C(C)NC2=C(C1C1=C(C=CC=C1)[N+]([O-])=O)C(=O)NC=C2,567.15
O=C(NC1=NN=NN1)C=CC1=CC=CN=C1,567.15
CC1(C)C(=O)NC2=CC=C(C=C12)C1(C=CC=N1)[N+]([O-])=O,567.15
OC1=CC(=O)N(C2=CC(=CC=C2)[N+]([O-])=O)C2=NC=CC=C12,567.15
COC1=CC(C=C2NC(=O)NC2=O)=C(C=C1)[N+]([O-])=O,567.65
CN1C2=C(C=CC=C2)C2=C1C(=O)C=C(O2)C(=O)NC1=NN=NN1,568.15
CN1C2=C(C=C(C=C2)[N+]([O-])=O)C2=C1C(=O)C=C(O2)C(=O)NC1=NN=NN1,568.15
OC(=O)C1=C2NCCC2=CC(=C1)[N+]([O-])=O,568.65
CN(C)CCCC(=O)N1CCC2=C(C1)C1=C(NC(=O)C(=O)N1)C=C2[N+]([O-])=O,570.65
NC(=O)C1=CC2=CC=CC(=C2N1)[N+]([O-])=O,570.65
CNC(=O)C1=C(OC)C(=C(C(=O)NC)C(OC)=C1[N+]([O-])=O)[N+]([O-])=O,571.15
OC1=C(C=NC2=CC=C(C=C12)C1=CC=CC=C1)[N+]([O-])=O,571.15
O=[N+](C1=CN(COCN2N=C(C([N+]([O-])=O)=C2)[N+]([O-])=O)N=C1[N+]([O-])=O)[O-],571.15
O=[N+](C1=NON=C1C2=NNC(C3=NC(C4=NON=C4[N+]([O-])=O)=NN3)=N2)[O-],571.15
CC(O)COC1=CC=CC2=C1C(=O)C=C(O2)C1=NN=NN1,572.15
OC(=O)C1=CC=C(C=C2CCN3C2=NC2=C(C=CC(=C2)[N+]([O-])=O)C3=O)C=C1,572.15
CC1=CC2=NC=C(C3=NN=NN3)C(=O)N2C=C1,572.15
O=[N+](C1=NN(COCN2N=C(C=C2[N+]([O-])=O)[N+]([O-])=O)C([N+]([O-])=O)=C1)[O-],572.15
CN1N=NC(=N1)C1=CC=C2N(C)C=C(C3=CC4=CC=CN=C4N3)C2=C1,572.65
CN1N=C(C2=CC=C(O2)[N+]([O-])=O)C2=C(N)N=C(C)N=C12,573.15
OC(=O)C1=CC=C(C=C1)N1C(=O)C2=CC=CC(N=[N+]=[N-])=C2C1=O,573.15
CN1C(=O)C(=O)NC2=C1C1=C(C(=CC=C1)[N+]([O-])=O)C(=C2)[N+]([O-])=O,573.15
CC1=CN2C=CC=C(C2=N1)[N+]([O-])=O,573.15
[O-][N+](=O)C1=C(C=C2N3C(=O)NN=C3C(=O)NC2=C1)N1C=CN=C1,573.15
[O-][N+](=O)C1=C(C=C2N3C(=O)NN=C3C(=O)NC2=C1)N1C=NC2=C1C=CC=C2,573.15
OC(=O)CCC1=NN=C2N1C1=CC=C(C=C1NC2=O)[N+]([O-])=O,573.15
CCC1=NC2=CC=NN2C(NC2=CC=C(C=C2)C(=O)NC2=C(C=CC=C2)C2=NN=NN2)=C1,573.15
[O-][N+](=O)C1=CC=CC2=C1C(=O)C1=C(N3C=CC=CC3=N1)C2=O,573.15
OC(=O)C1=CC=C(NC(=O)NCC2=CNC(=N2)C2=C(C=C3NC(=O)C(=NC3=C2)C(O)=O)[N+]([O-])=O)C=C1,573.15
O=[N+](C(C=C1[N+]([O-])=O)=NN1C2=NNC=N2)[O-],573.15
O=[N+]([O-])C1=C(C2=C([N+]([O-])=O)C(N([H])[H])=C([N+]([O-])=O)C(N([H])[H])=C2[N+]([O-])=O)C([N+]([O-])=O)=C(N([H])[H])C([N+]([O-])=O)=C1N([H])[H],573.15
NC1=N[N+]([O-])=NC2=C([N+]([O-])=O)C=NN21,575.15
[O-][N+]1=C2C3=NON=C3N(C4=C([N+]([O-])=O)C(N)=C([N+]([O-])=O)C(N)=C4[N+]([O-])=O)C5=NON=C5C2=NO1,575.15
O=[N+](N=C1N([H])[H])N=C2[N+]1=NC([H])=C2[N+]([O-])=O,575.15
CC(=O)NNC1=NC2=CC=C(C=C2C(=N1)C1=CC=CC=C1)[N+]([O-])=O,575.65
C[C@H](N1C(=O)C2=CC=CC3=CC(=CC(C1=O)=C23)[N+]([O-])=O)C(=O)NCCNC(=O)[C@H](C)N1C(=O)C2=CC=CC3=CC(=CC(C1=O)=C23)[N+]([O-])=O,575.65
COC1=C(OC)C(=C2C(CC(=CC3=CC(C)=C(O)C(C)=C3)C2=O)=C1)[N+]([O-])=O,576.15
[O-][N+](=O)C1=CC=C(C=C1)C1=CC=CC(=N1)C(=O)NC1=NN=NN1,576.65
CC(=O)OC1=CC=C2C=C(C(=O)OC2=C1OC(C)=O)C1=CC=C(C=C1)[N+]([O-])=O,576.65
NC(=O)C1=NC(=CC(O)=C1)C1=CC=C(C=C1)[N+]([O-])=O,577.15
OC1=C([N+]([O-])=O)C=C([N+]([O-])=O)C=C1[N+]([O-])=O,578.1
CN1N=C(C2=CC=C(O2)[N+]([O-])=O)C2=C(N)N=CN=C12,578.15
CC1=CN2C(C=C1)=NC=C(C1=NN=NN1)C2=O,578.15
CCOC(=O)C1=CC2=C(NC3=CC=C(C(N4CCCCC4)=C23)[N+]([O-])=O)C=N1,580.15
O=[N+](C1=NN2C(C3=NC([N+]([O-])=O)=NN3CC2)=N1)[O-],580.15
O=[N+](C1=NN2C(NC3=C([N+]([O-])=O)C([N+]([O-])=O)=NN3CC2)=C1[N+]([O-])=O)[O-],580.15
[O-][N+](=O)C12CN3CN(CN(C3)C1)C2,580.65
CC1=NC=C2CC3=C(C=C4OCOC4=C3)C(=NN12)C1=CC=C(C=C1)[N+]([O-])=O,580.65
O=C1N2C=C(C=CC2=NC=C1C1=NN=NN1)C1=CC=CC=C1,581.65
CC1=CN2C(=O)C(=CN=C2C(C)=C1)C1=NN=NN1,581.65
OC1=C([N+]([O-])=O)C=CC=C1[N+]([O-])=O,582.1
CCC1=CC=C2N=CC(=C(O)C2=C1)[N+]([O-])=O,582.15
CC(=O)NC1=CC=C(C=C1)C1=CC(C)=CC(=N1)C(=O)NC1=NN=NN1,582.65
CC1(C)C2=CC=C(C=C2C2=C1C1=CC=CC(C(O)=O)=C1N2)[N+]([O-])=O,583.15
CC1=CC=CN2C(=O)C(=CN=C12)C1=NN=NN1,583.65
CCOC(=O)C1=C(O)C2=CC=CN=C2N(C2=CC(=CC=C2)[N+]([O-])=O)C1=O,583.65
O=C1N2C=CC=CC2=NC=C1C1=NN=NN1,584.65
OC1=CC=C([N+]([O-])=O)C=C1[N+]([O-])=O,585.1
CC1=CC=C([N+]([O-])=O)C=C1[N+]([O-])=O,586.1
COC1=CC(OC)=C(C(C2=NN=C(O2)C2=C(C(OC)=CC(OC)=C2[N+]([O-])=O)[N+]([O-])=O)=C1[N+]([O-])=O)[N+]([O-])=O,588.15
[O-][N+](=O)C1=CC(=C(C2=NN=C(O2)C2=C(C=C(C=C2[N+]([O-])=O)[N+]([O-])=O)[N+]([O-])=O)C(=C1)[N+]([O-])=O)[N+]([O-])=O,591.15
[O-][N+](=O)C1=C(CC2=NNC3=C2C(=O)N(C2=CC=CC=C2)C2=C3C=CC=N2)C=CC=C1,592.15
N1C=CN=C1C1=NN=NN1,593.65
CCOC(=O)C1=CC2=C(NC3=CC(=CC=C23)[N+]([O-])=O)C=N1,594.15
CN1C(=O)C(=O)NC2=C1C=C(C1=C2C=CC=C1[N+]([O-])=O)[N+]([O-])=O,598.15
OC1=CC2=C(C=C1O)C1=CC(O)=C(O)C=C1C(=O)N2CC1=CC=C(C=C1)[N+]([O-])=O,598.15
O=[N+]1N=C2[N+]([H])=NC([N+]([O-])=O)=C2C(N([H])[H])=N1,599.95
COC1=C2N=C3C(C=CC=C3C(=O)NC3=NN=NN3)=NC2=CC=C1,600.65
O=[N+](C1=NN2C(C3=NC([N+]([O-])=O)=NN3CCC2)=N1)[O-],601.15
O=[N+](C1=CC([N+]([O-])=O)=NN1CN2N=C([N+]([O-])=O)C=C2[N+]([O-])=O)[O-],603.15
CC1=C([N+]([O-])=O)C=C([N+]([O-])=O)C(C)=C1[N+]([O-])=O,603.3
[O-][N+](=O)c1c(c([N+](=O)[O-])cc([N+](=O)[O-])c1C)C,603.3
COC1=CC=C([N+]([O-])=O)C=C1[N+]([O-])=O,604.1
O=[N+](C1=C(N)C([N+]([O-])=O)=C(N)C([N+]([O-])=O)=C1)[O-],606.1
CN1C(=O)NC(=O)C1=CC1=C(C)C=CC=C1[N+]([O-])=O,613.65
CC1=CC=C([N+]([O-])=O)C([N+]([O-])=O)=C1,614.1
CCOC(=O)C1=CC2=C(NC3=C(C=C(C=C23)[N+]([O-])=O)[N+]([O-])=O)C=N1,616.15
[H]c1c([N+]([O-])=O)c(/C([H])=C(c2c([N+]([O-])=O)cc([N+]([O-])=O)c([H])c2[N+]([O-])=O)\[H])c([N+]([O-])=O)c([H])c1[N+]([O-])=O,620.8
[O-][N+](=O)C1=CC=C2N=C3N(C4=CC=CC=C4C3=O)C(=O)C2=C1,622.15
NC(=O)NC1=C(C(N)=C(C(N)=C1[N+]([O-])=O)[N+]([O-])=O)[N+]([O-])=O,623.15
O=[N+](C1=NNC([N+]([O-])=O)=C1CCC2=C([N+]([O-])=O)NN=C2[N+]([O-])=O)[O-],624.15
C1(=C(N=C(C(=[N+]1[O-])N)[N+](=O)[O-])N(O)[O])N,627.1
NC1=CC(N2C=CC(=O)C=C2)=C(C=C1[N+]([O-])=O)C#N,628.65
CCCCC1=NC2=C(N1CC1=CC=C(C=C1)C1=C(C=CC=C1)C1=NN=NN1)C(=CC=C2)C(O)=O,629.65
CC1=C([N+]([O-])=O)C=CC=C1[N+]([O-])=O,629.9
O=C(O)C1=CC([N+]([O-])=O)=CC([N+]([O-])=O)=C1,632.6
[O-][N+](=O)C12CC3(CC(C1)(CC(C2)(C3)[N+]([O-])=O)[N+]([O-])=O)[N+]([O-])=O,633.15
O=[N+](C1=C(NC(N=C(NC2=C([N+]([O-])=O)C=C([N+]([O-])=O)C=C2[N+]([O-])=O)C([N+]([O-])=O)=C3)=C3[N+]([O-])=O)C([N+]([O-])=O)=CC([N+]([O-])=O)=C1)[O-],633.15
O=[N+](C(C(N([H])[H])=N1)=C2N1C(N([H])[H])=C([N+]([O-])=O)C(N([H])[H])=N2)[O-],637.15
[O-][N+](=O)C1=C(C=C2N3C(=O)NN=C3C(=O)NC2=C1)N1C=NC(=C1)C1=CC=CC=C1,638.15
O=[N+](C1=CNN=C1C2=NNC=C2[N+]([O-])=O)[O-],638.15
CC1=CC=CC([N+]([O-])=O)=C1[N+]([O-])=O,641.1
O=[N+](C1=C(NC2=C([N+]([O-])=O)C=C([N+]([O-])=O)C=C2[N+]([O-])=O)N=C(NC3=C([N+]([O-])=O)C=C([N+]([O-])=O)C=C3[N+]([O-])=O)C([N+]([O-])=O)=C1)[O-],643.6
NC1=CC=C([N+]([O-])=O)C=C1[N+]([O-])=O,645.1
O=[N+](C1=C(N)C([N+]([O-])=O)=C(N)C([N+]([O-])=O)=C1N)[O-],652.2
[O-][N+](C1=CC([N+]([O-])=O)=CC([N+]([O-])=O)=C1Cl)=O,653.1
NC(=O)C1=C(OC2=C1C(O)=NC=N2)C1=CC(=CC=C1)[N+]([O-])=O,653.15
NC1=C([N+]([O-])=O)C=CC=C1[N+]([O-])=O,659.1
O=[N+](C1=C(Cl)C=C(Cl)C([N+]([O-])=O)=C1Cl)[O-],676.1
O=[N+](C1=CC([N+]([O-])=O)=CC([N+]([O-])=O)=C1)[O-],685.3
