smiles,min_bde_pred,Td
COC1=C(OC)C(=CC(=C1)C(O)C1=NC2=C(N1)C=CC=C2)[N+]([O-])=O,12.191006,323.15
CN(CC(N=[N+]=[N-])=O)[N+]([O-])=O,75.28609,329.15
CC1=CN([C@H]2CC[C@@](CO)(O2)N=[N+]=[N-])C(=O)NC1=O,35.43225,330.65
O=[N+](C1=NON=C1C([N+]([O-])=O)[N+]([O-])=O)[O-],66.49957,331.15
O=[N+](C1=NON=C1N[N+]([O-])=O)[O-],70.325516,338.15
[O-]/[N+](C1=NON=C1N[N+]([O-])=O)=N\C2=NON=C2N[N+]([O-])=O,70.1714,343.15
[N-]=[N+]=NC(=O)C1C2=CC=CC=C2OC2=C1C=CC=C2,15.667329,345.15
O=[N+](C([N+]([O-])=O)([N+]([O-])=O)C1=NN(C([N+]([O-])=O)[N+]([O-])=O)N=N1)[O-],69.43129,346.15
N/C(NO)=C([N+]([O-])=O)/[N+]([O-])=O,74.268555,348.15
[H]C([N+]([O-])=O)([N+]([O-])=O)C1=NC(/N=N/C2=NNC(C([H])([N+]([O-])=O)[N+]([O-])=O)=N2)=NN1,70.89674,353.15
OCCC1=C(CO)C=C(C=C1)[N+]([O-])=O,14.506442,353.65
CCCC1=C(OCCCOC2=CC=CC(NC(=O)C3=NN=NN3)=C2C#N)C=CC(C(C)=O)=C1O,7.6853185,354.15
O=C(N=[N+]=[N-])CCC([N+]([O-])=O)([N+]([O-])=O)[N+]([O-])=O,60.590496,358.15
NC1=[NH+]N=NN1/N=[N+]([O-])/[O-],77.238304,358.15
O=[N+](C([N+]([O-])=O)C1=NN=C(C([N+]([O-])=O)[N+]([O-])=O)O1)[O-],72.454315,359.15
CN[N+]([O-])=O,77.23611,359.15
CC(C)C1CC(NC(=O)OC(C)(C)C)(NN1)C(=O)OCC1=CC=C(C=C1)[N+]([O-])=O,18.748371,361.15
O=[N+](C([N+]([O-])=O)C1=NN(C([N+]([O-])=O)[N+]([O-])=O)N=N1)[O-],69.400375,361.15
OC(=O)CCCCCN1C(=O)C2=CC=CC(N=[N+]=[N-])=C2C1=O,30.375935,361.65
O=C(CN(CC([N+]([O-])=O)([N+]([O-])=O)[N+]([O-])=O)[N+]([O-])=O)N=[N+]=[N-],75.230896,362.15
CN1C(=O)C(C)(C)C2=CC(COC(=O)N3CCN(C[C@@]4(C)CN5C=C(N=C5O4)[N+]([O-])=O)CC3)=CC=C12,26.64952,363.15
[O-]/[N+](C1=NON=C1N[N+]([O-])=O)=N/C2=NON=C2N[N+]([O-])=O,70.1714,363.15
C(OC1=CC(OCC2=NC3=CC=CC=C3C=C2)=CC=C1)C1=CC=C(C=C1)C1=NN=NN1,14.873255,364.15
[O-][N+]1=C(C2=[N+]([O-])ON=C2N[N+]([O-])=O)C(N[N+]([O-])=O)=NO1,70.75894,364.55
OC(=O)N(CCC1=CC=C(OCC2=NN=NN2)C=C1)OCC1=CC=CC=C1,20.689295,368.15
CCCCCC1=C(N(C(C)=O)C2=CC=CC=C12)C1=CC2=CC=C(OCC3=NN=NN3)C=C2C=C1,3.316915,368.15
CCCCCC1=C(N(CC2=CC=C(C=C2)C(C)(C)C)C2=CC=CC=C12)C1=CC2=CC=C(OCC3=NN=NN3)C=C2C=C1,3.310048,368.15
CCCC1=NC(=C(N1CC1=CC=C(C=C1)C1=C(C=CC=C1)C1=NN=NN1C(C1=CC=CC=C1)(C1=CC=CC=C1)C1=CC=CC=C1)C(=O)OCC1=C(C)OC(=O)O1)C(C)(C)O,23.53806,371.65
CC[C@H](C)[C@H](OCC1=CC=CC=C1)[C@H]1[C@@H]([C@@H](N[C@]1(C)C(O)=O)C1=CC=CC=C1)[N+]([O-])=O,27.183582,371.65
O=[N+](NC1=NON=C1N[N+]([O-])=O)[O-],70.47951,372.15
CCCCCNC1=NC(OC2=CC=C(C=C2)[N+]([O-])=O)=C2N=CN(CC(O)=O)C2=N1,18.737684,374.15
CC(C)(NCCCNC(C)(C)C(CCN1C=CN=C1[N+]([O-])=O)=NO)C(CCN1C=CN=C1[N+]([O-])=O)=NO,61.349724,375.15
CC(C)(CCCN1C=CN=C1[N+]([O-])=O)NCCCNC(C)(C)C(CC(=NO)N1C=CN=C1[N+]([O-])=O)=NO,67.33023,375.15
CN1C(=O)N(C)C2=C(C(=CC=N2)N=[N+]=[N-])C1=O,12.899141,378.15
O=[N+](C([N+]([O-])=O)([N+]([O-])=O)C1=CC=CC(C#N)=N1)[O-],30.742592,379.15
O=[N+](NN1C(C2=NN=NN2N[N+]([O-])=O)=NN=N1)[O-],71.613945,380.15
CN1C(N[N+]([O-])=O)=NC([N+]([O-])=O)=N1,70.789795,381.15
CCOC(=O)C1=CC=C(C=C1)C1=C(OCC2=CC=C(C=C2)C2=C(C=CC=C2)C2=NN=NN2)C=C(CC)N=C1CC,14.159617,381.65
CCCCC1=NC(CCCC)=C2CCCC(N12)C1=CC=C(C=C1)C1=C(C=CC=C1)C1=NN=NN1,22.975925,383.65
CC(=O)OC[C@H]1O[C@@H](OC2=C(N(CC3=CC=C(C=C3)[N+]([O-])=O)C=N2)C(N)=O)[C@H](OC(C)=O)[C@@H](OC(C)=O)[C@H]1OC(C)=O,18.65193,384.15
OC(CN1C2=CC=CC=C2C2=C1C=CC(=C2)[N+]([O-])=O)CN1CCNCC1,18.753006,385.15
COC1=CN=C(CN=[N+]=[N-])C=C1O,14.663181,385.65
CC1=NC(N2CCC3=C(CC2)C=CC=C3)=C(C(=O)N1CCO)[N+]([O-])=O,18.714556,386.15
[N-]=[N+]=NC(=O)C1=NC(=NO1)C1=CC=CC2=CC=CC=C12,12.455807,387.15
O=C(NC(N[N+]([O-])=O)=O)NCC([N+]([O-])=O)([N+]([O-])=O)[N+]([O-])=O,66.31468,387.15
O=[N+](C([N+]([O-])=O)([N+]([O-])=O)C1=NC=CC=C1)[O-],29.537102,387.15
CCOC(=O)C1=C(N=[N+]=[N-])C2=CC=C(C)N=C2N=C1,10.845542,387.65
CC(C)(C)OC(=O)N=[N+]=[N-],81.53447,387.65
CCCCCCCCCCCCCCCCNC1=CC=C(C=C1)C1=NN=NN1,21.467241,388.15
OC(C(O)=O)C1=CC=CC2=C1OC(=C2C1=CC=CC=C1)[N+]([O-])=O,26.549192,388.65
CN1N=NC(N([N+]([O-])=O)CN([N+]([O-])=O)C)=N1,79.57918,389
NC(=O)C1=C(C=C(N=N1)C1=CC=CC=C1)C1=CC(=CC=C1)[N+]([O-])=O,23.060514,389.15
NC1=C([N+]([O-])=O)N(NCC([N+]([O-])=O)([N+]([O-])=O)[N+]([O-])=O)N=C1[N+]([O-])=O,73.34065,389.15
O=[N+](C(CNN1N=NN=C1)([N+]([O-])=O)[N+]([O-])=O)[O-],74.53511,389.15
CN(CC(NN)=O)[N+]([O-])=O,68.839905,389.15
O=[N+](C1=C([N+]([O-])=O)N(N[N+]([O-])=O)C(C2=NC([N+]([O-])=O)=C([N+]([O-])=O)N2N[N+]([O-])=O)=N1)[O-],71.28951,389.15
COC1=CC=CC(=C1)C1=C(N=C(N1)C1=CC=C(C=C1)[N+]([O-])=O)C(O)=O,19.359638,390.15
O=[N+](C1=NN(NCC([N+]([O-])=O)([N+]([O-])=O)[N+]([O-])=O)C(N=[N+]=[N-])=C1[N+]([O-])=O)[O-],72.38769,390.15
O=[N+](C([N+]([O-])=O)C1=C([N+]([O-])=O)NN=C1)[O-],62.844604,390.15
O=[N+](C1=NN2C(N(N[N+]([O-])=O)C3=C([N+]([O-])=O)C([N+]([O-])=O)=NN3C2)=C1[N+]([O-])=O)[O-],68.4833,390.15
CC1N=C(C([N+]([O-])=O)([N+]([O-])=O)[N+]([O-])=O)N([N+]([O-])=O)C1,79.34659,390.43
O=C(OC1N=C(C([N+]([O-])=O)([N+]([O-])=O)[N+]([O-])=O)N([N+]([O-])=O)C1OC(C)=O)C,69.30236,391.26
O=C(CNC(=O)C1=CC(=CC=C1)C1=NN=NN1)N(CC1=CC=CC=C1)[C@H]1[C@H](CC2=CC=CC=C2)CCC2=CC=CC=C12,16.983273,392.15
CC(=O)C1=C(C)C(N2C=CCC(=C2)C(O)=O)=C(COCCN=[N+]=[N-])C2=C1OCO2,19.34818,393.15
CC1=C(C=CC(=C1)[N+]([O-])=O)C(O)C1=NC=CC=C1,12.628479,393.15
O/N=N/C1=NN=NN1CCN2N=CC=C2,66.03811,393.15
NC(CCC([N+]([O-])=O)([N+]([O-])=O)[N+]([O-])=O)=O,56.058304,393.15
[NH2+]=C(N)C([N+]([O-])=O)([N+]([O-])=O)C1=NN=N[N-]1,74.62647,393.15
[H][C@]12CCCC[C@]1([H])N=C(C([N+]([O-])=O)([N+]([O-])=O)[N+]([O-])=O)N2[N+]([O-])=O,70.56711,393.31
O=[N+](C1=NN(N[N+]([O-])=O)C(C2=NC([N+]([O-])=O)=NN2N[N+]([O-])=O)=N1)[O-],71.43143,394.15
[O-][N+](=O)C1=CC=C(C=CNC(=N)C=CC2=CC=CC=C2)C=C1,19.368309,395.65
NC1=CC(=CC(N)=C1)C(=N)NC=CC1=CC=C(C=C1)[N+]([O-])=O,19.3683,396.65
CCOC1=NC2=C(N1CC1=CC=C(C=C1)C1=C(C=CC=C1)C1=NN=NN1)C(=CC=C2)C(=O)OCC1=C(C)OC(=O)O1,20.919422,396.65
CN([N+]([O-])=O)CN1N=NC(N([N+]([O-])=O)CN([N+]([O-])=O)C)=N1,79.59738,397
CC(C)(OC(=O)OCC1=CC=C(C=C1)[N+]([O-])=O)[C@H]1[C@@H](CC(=O)CC(=O)OCC2=CC=C(C=C2)[N+]([O-])=O)NC1=O,18.748371,397.15
C[C@]12CC[C@H]3[C@@H](C=CC4=C(N=[N+]=[N-])C(=O)C=C[C@]34C)[C@@H]1CCC2=O,57.932682,397.15
O=C(OCC)N(C1=NON=C1N([N+]([O-])=O)C(OCC)=O)[N+]([O-])=O,55.10496,397.15
O=[N+](NC1=NNC(C([N+]([O-])=O)([N+]([O-])=O)[N+]([O-])=O)=C1[N+]([O-])=O)[O-],71.67778,397.15
[O-][N+](=O)C1=CC=C(C=C1)C1=C(C(=O)NC1=O)C1=CNC2=CC=CC=C12,19.69337,398.15
CCCCC1=NC2=C(C(N(CC2)C(=O)CC(=O)OCC)C(=O)OC)N1CC1=CC(C2=NN=NN2C(C2=CC=CC=C2)(C2=CC=CC=C2)C2=CC=CC=C2)=C(C=C1)C1=CC=CC=C1,22.182987,398.15
CCCCC1=NC2=C(C(N(CC2)C(=O)CC(=O)OCC)C(=O)OC)N1CC1=CC=C(C=C1)C1=C(C=CC=C1)C1=NN=NN1C(C1=CC=CC=C1)(C1=CC=CC=C1)C1=CC=CC=C1,23.53806,398.15
CCCC1=C2N=C(CC)C=C(NCC3=CC=C(C=C3)C3=C(C=CC=C3)C3=NN=NN3)N2N=C1,24.264751,398.15
CCC1=NN2C(N=C(CC)C=C2NCC2=CC=C(C=C2)C2=C(C=CC=C2)C2=NN=NN2)=C1C,24.264751,398.15
O=[N+](NC1=NC(C([N+]([O-])=O)([N+]([O-])=O)[N+]([O-])=O)=NN1)[O-],70.2231,398.15
O=[N+](N([H])C(C([H])=C(C([N+]([O-])=O)=C1[H])N([H])[N+]([O-])=O)=C1[N+]([O-])=O)[O-],12.44853,398.15
CN([N+]([O-])=O)CN([N+]([O-])=O)C1=NON=C1[N+]([O-])=O,78.52063,399.15
CC1=NC=C2CN=C(C3=CC=CC=C3)C3=C(C=CC(=C3)[N+]([O-])=O)N12,5.5488005,399.65
COC1=C(C=CC(=C1)[N+]([O-])=O)C(O)C1=NC=CC=C1,13.392496,400.65
C[C@H]1CN(CC(=O)NC2=C(C=CC=C2)[N+]([O-])=O)C[C@@H](C)O1,14.6685705,401.15
COCC1=NC(=C(N1CC1=CC=C(C=C1)C1=C(C=CC=C1)C1=NN=NN1C(C1=CC=CC=C1)(C1=CC=CC=C1)C1=CC=CC=C1)C(=O)OC)C(C)(C)O,23.53806,401.65
NC(N/N=C(NC(N)=O)/C([N+]([O-])=O)[N+]([O-])=O)=O,66.94359,402.15
[N-]=[N+]=NCC1=CC2=C(C=C1)C(=O)C1=CC=CC=C1C2=O,5.9691668,403.15
CCOC(=O)CN1C(=O)C(=O)NC2=CC(=C(C=C12)N1C=CC(CN2CCCCC2)=C1)[N+]([O-])=O,2.4876578,403.15
CCCCCNC1=NC(OC2=CC(=CC=C2)[N+]([O-])=O)=C2N=CN(CC(O)=O)C2=N1,22.166935,403.15
CCC([O-])=C(N1C(CC1=O)[N+](C)(C)C)C(=O)OCC1=CC=C(C=C1)[N+]([O-])=O,18.748371,404.15
[O-][N+](=O)C=C1CCCCN1,73.542175,405.15
CCC(C(CC)=CC(CNC(=O)C1=CC=CN=C1)=NO)[N+]([O-])=O,17.339445,405.15
CC(=NO)C(C)(C)NOCCNC(C)(C)C(CN1C=CN=C1[N+]([O-])=O)=NO,69.692764,405.65
CN1N=NN=C1N([N+]([O-])=O)CN([N+]([O-])=O)C,79.72427,406
CCC1=NC2=C(N1CC1=CC=C(C=C1)C1=C(C=CC=C1)C1=NN=NN1)C(=CC=C2NC)C(=O)OC,18.514,406.15
CN(CC(=O)NC1=C(C=CC=C1)[N+]([O-])=O)CC1=CC=CC=C1,14.73132,407.15
NC1=NC=NC2=C1N=CN2[C@@H]1O[C@H](C(O)C(=O)NCCC2=C(C=C(C=C2)[N+]([O-])=O)[N+]([O-])=O)[C@@H](O[N+]([O-])=O)[C@H]1O[N+]([O-])=O,10.127064,407.15
O=[N+](C1=NON=C1C2=NN(C([N+]([O-])=O)([N+]([O-])=O)[N+]([O-])=O)C=C2[N+]([O-])=O)[O-],79.545105,407.15
CN([N+]([O-])=O)CN1N=C(C([N+]([O-])=O)([N+]([O-])=O)[N+]([O-])=O)N=N1,79.13152,407.15
O=[N+](C([N+]([O-])=O)([N+]([O-])=O)C1=NCCCN1[N+]([O-])=O)[O-],70.53447,407.92
O=[N+](C([N+]([O-])=O)([N+]([O-])=O)C1=NC(OCCO2)C2N1[N+]([O-])=O)[O-],64.79402,408.07
CCCCC1=NC=C(C(=O)OCC)C(=N1)N(C)CC1=CC=C(C=C1)C1=C(C=CC=C1)C1=NN=NN1C(C1=CC=CC=C1)(C1=CC=CC=C1)C1=CC=CC=C1,11.583851,408.65
CON1CCC2(CC1)NC(=O)C(C2=O)(C1=C(C)C=C(C)C=C1C)[N+]([O-])=O,18.415333,409.15
O=C(O)CN([N+]([O-])=O)C(CO[N+]([O-])=O)(CO[N+]([O-])=O)CO[N+]([O-])=O,70.491135,409.15
CC(C([N+]([O-])=O)=CC([N+]([O-])=N[N+]([O-])=O)=C1)=C1[N+]([O-])=O,16.388256,410.15
O=[N+](/C([N+]([O-])=O)=C1NCN(CC([N+]([O-])=O)([N+]([O-])=O)[N+]([O-])=O)CN\1)[O-],71.23515,410.15
O=[N+](/C([N+]([O-])=O)=C(N(C([H])([H])N(C([H])(C([N+]([O-])=O)([N+]([O-])=O)[N+]([O-])=O)[H])C1([H])[H])[H])/N1[H])[O-],71.23515,410.15
ON(C1=CC(=CC=C1)[N+]([O-])=O)C1=C(C=C(C=C1)N=O)[N+]([O-])=O,3.5142262,410.65
COC1=C(O)C=C2C(CCC\C2=N/OCC2=CC3=NON=C3C=C2)=C1,8.570681,411.15
[NH2+]=C1OC([C-]([N+]([O-])=O)[N+]([O-])=O)=NN1,67.908325,411.15
OCCN1N=NN/C1=N\[N+]([O-])=O,63.591938,411.15
COC1=CC(=CC2=C1C(=O)C1=C(OC)C=CC=C1C2=O)C(=O)N=[N+]=[N-],10.116482,412.15
CC1=C([N+]([O-])=N[N+]([O-])=O)C=C([N+]([O-])=N[N+]([O-])=O)C=C1,13.000614,412.65
[N-]=[N+]=NCC1=CC=C(C=C1)C1=C(C=CC=C1)C1=NN=NN1C(C1=CC=CC=C1)(C1=CC=CC=C1)C1=CC=CC=C1,23.53806,412.95
[N-]=[N+]=NCCN1N=NN/C1=N\[N+]([O-])=O,61.974434,413.15
O=C(N[N+]([O-])=O)NC1=NON=C1NC(N[N+]([O-])=O)=O,67.856285,413.15
O=C(OCC([N+]([O-])=O)([N+]([O-])=O)[N+]([O-])=O)N[N+]([O-])=O,63.914864,413.15
NN1N=NC([N+]([O-])=O)=N1,76.64105,413.15
O=[N+](C([N+]([O-])=O)C1=NON=C1/N=N/C2=NON=C2C([N+]([O-])=O)[N+]([O-])=O)[O-],69.231926,413.15
O=C(OCC([N+]([O-])=O)([N+]([O-])=O)C)N[N+]([O-])=O,66.23764,413.15
OCCN1C(=O)C2=CC=CC(N=[N+]=[N-])=C2C1=O,30.375935,414.15
O=[N+](C1=CN(C([N+]([O-])=O)([N+]([O-])=O)[N+]([O-])=O)N=C1[N+]([O-])=O)[O-],77.32845,414.15
CC\C(=C/C(=NO)C(N)=O)C(C)[N+]([O-])=O,65.52001,415.15
O=C(NCC([N+]([O-])=O)([N+]([O-])=O)[N+]([O-])=O)NCC([N+]([O-])=O)([N+]([O-])=O)[N+]([O-])=O,66.06131,415.15
[N-]=[N+]=NC[C@@H]1NC(=O)[C@@H]1NC(=O)COC1=CC=CC=C1,24.790512,415.65
CON=C(C(O)=O)C1=CC(=C(O)C=C1)[N+]([O-])=O,9.14642,415.65
OC(=O)CN1C=CN=C1[N+]([O-])=O,67.18271,416.15
ON1N=NN=C1C2=NOC=N2,82.24224,416.15
[NH2+]=C1OC([C-]([N+]([O-])=O)[N+]([O-])=O)=NN1N,67.13333,416.15
O=[N+](NC1=NC(N=[N+]=[N-])=NN1)[O-],70.21329,416.15
O=[N+](C1=NN(C([N+]([O-])=O)([N+]([O-])=O)[N+]([O-])=O)C([N+]([O-])=O)=C1)[O-],78.9474,416.15
NC1=NON=C1[N+]([O-])=O,76.56618,416.15
C[C@]12CC[C@H]3[C@@H](CCC4=C(N=[N+]=[N-])C(=O)CC[C@]34C)[C@@H]1CCC2=O,58.811478,416.65
COCC1=NC(=C(N1CC1=CC=C(C=C1)C1=C(C=CC=C1)C1=NN=NN1C(C1=CC=CC=C1)(C1=CC=CC=C1)C1=CC=CC=C1)C(=O)OCC1=C(C)OC(=O)O1)C(C)(C)O,23.53806,418.15
COC1=C(O)C=C2C(CC\C2=N/OCC2=CC3=NON=C3C=C2)=C1,19.046436,418.15
O=C(OCCCC([N+]([O-])=O)([N+]([O-])=O)[N+]([O-])=O)N,64.1018,418.15
CC1=CC=C(C=C1)C1=C(C=CC=C1)C(=O)C1=NN(N=N1)C(C1=CC=CC=C1)(C1=CC=CC=C1)C1=CC=CC=C1,12.999209,419.15
O=[N+](C([N+]([O-])=O)([N+]([O-])=O)COC(N)=O)[O-],64.987076,419.15
COC1=CC=C(CN2N=NC(=N2)C(O)=O)C=C1,21.0974,419.65
[N-]=[N+]=NC1=C2C(=O)N(CCCCCCN3C(=O)C4=CC=CC(N=[N+]=[N-])=C4C3=O)C(=O)C2=CC=C1,30.375935,420.15
CN([N+]([O-])=O)CN([N+]([O-])=O)C(OCC([N+]([O-])=O)([N+]([O-])=O)[N+]([O-])=O)=O,60.124043,420.15
CC(C)(C)N1CCN(CCCC2(C)CN3C=C(N=C3O2)[N+]([O-])=O)CC1=O,57.78399,421.15
O=[N+](NC(N=N1)=NN2C1=NN=C2)[O-],73.226555,421.15
O=[N+](C1=C(N=[N+]=[N-])C([N+]([O-])=O)=NN1CC2=NN=NN2)[O-],77.02336,421.15
CCC1=NC2=CC=NN2C(=C1)N(C)CC1=CC=C(C=C1)C1=C(C=CC=C1)C1=NN=NN1,24.264751,421.65
CC(=NO)C(C)(C)NCCONC(C)(C)C(CN1C=CN=C1[N+]([O-])=O)=NO,69.61046,422.65
[O-][N+](=O)C1=CC=C(O1)C1=NN(CC2=CC=CC=C2)C2=CC=CC=C12,27.65288,422.65
[O-][N+](=O)C1=CC=CC2=NC3=CC=CC=C3C(OC3=CC=CC=C3)=C12,6.8346148,423.15
COC1=C(C=CC(CCN)=C1)[N+]([O-])=O,7.708533,423.15
CN(C)C(=O)N1N=NC(=N1)C1=CC(=NC=C1)C1=NN(N=N1)C(=O)N(C)C,24.046667,423.15
OC(=O)C1=C(N\C=C\[N+]([O-])=O)C=CC(=C1)C1=CC=CC=C1,6.903207,423.15
COC1=CC2=C(C=C1OC)C1=NN(C=C1CC2)C1=CC=C(C=C1)[N+]([O-])=O,9.631744,423.15
[N-]=[N+]=NC(N=N1)=NN2C1=NN=C2N[N+]([O-])=O,70.226746,423.15
CN1N=C([N+]([O-])=O)N=N1,80.97945,423.15
CN(CC(NC(OCC([N+]([O-])=O)([N+]([O-])=O)[N+]([O-])=O)=O)=O)[N+]([O-])=O,63.49544,423.15
O=[N+](C1=NON=C1N([N+]([O-])=O)CN([N+]([O-])=O)CN([N+]([O-])=O)C2=NON=C2[N+]([O-])=O)[O-],78.44922,423.15
O=[N+](N(CC(O[N+]([O-])=O)CN([N+]([O-])=O)C(CO[N+]([O-])=O)(CO[N+]([O-])=O)CO[N+]([O-])=O)C(CO[N+]([O-])=O)(CO[N+]([O-])=O)CO[N+]([O-])=O)[O-],61.07624,423.15
[N-]=[N+]=N[C@@H]1CC[C@H](CNC1=O)C1=CC=CC=C1,24.301033,424.15
CCCCC1=NC=C2C=CCC(N12)C1=CC=C(C=C1)C1=C(C=CC=C1)C1=NN=NN1,22.095537,424.15
CC1=CC=C(C=C1)C1=C(C=CC=C1)C1=NN=NN1C(C1=CC=CC=C1)(C1=CC=CC=C1)C1=CC=CC=C1,23.485802,424.65
O=[N+](C([N+]([O-])=O)([N+]([O-])=O)N1N=C([N+]([O-])=O)N=C1C2=NN(C([N+]([O-])=O)([N+]([O-])=O)[N+]([O-])=O)C=N2)[O-],78.85475,425.15
CCCCC1=C(CC2=CC=C(C=C2)C2=C(C=CC=C2)C2=NN=NN2C(C2=CC=CC=C2)(C2=CC=CC=C2)C2=CC=CC=C2)C(=O)N(CC2=C(C=CO2)C#N)C(C)=N1,23.53806,426.15
CN(CC(O)=O)[N+]([O-])=O,72.879364,426.15
O=C(OCC)NC1=NON=C1[N+]([O-])=O,61.972977,426.15
CN1C([N+]([O-])=O)=NC(C([N+]([O-])=O)([N+]([O-])=O)[N+]([O-])=O)=N1,79.08989,426.15
COC(=O)C(C(=O)OC)C1=C(C=C(C2=CC=CC=C12)[N+]([O-])=O)C(O)=O,7.094898,426.65
O=C(OC(N/1)C(OC(C)=O)NC1=C([N+]([O-])=O)/[N+]([O-])=O)C,66.98591,426.72
OC1=CC=C2C=CC=C(N3C(=O)C4=CC=CC(N=[N+]=[N-])=C4C3=O)C2=C1,4.128481,427.15
CCCCN1C=C(CCCC)N(CC2=CC=C(C=C2)C2=C(C=CC=C2)C2=NN=NN2)C1=O,24.264751,427.15
[O-]/[N+](C1=C(N)N2C(N=N1)=NC([N+]([O-])=O)=N2)=N\[N+]([O-])=O,40.888298,427.15
NC(OC(C)C([N+]([O-])=O)([N+]([O-])=O)[N+]([O-])=O)=O,70.954834,427.15
O=[N+](N(CN([N+]([O-])=O)C1=NON=C1C2=NNN=N2)C3=NON=C3C4=NNN=N4)[O-],77.78983,427.15
O=[N+](C([N+]([O-])=O)([N+]([O-])=O)C1=NNC=C1[N+]([O-])=O)[O-],81.69083,427.35
CCN1C=CC(=CC2=C(C=CC=C2[N+]([O-])=O)[N+]([O-])=O)C2=CC=CC=C12,14.664986,427.65
CCCCC1=NC=C2N1C(CCC2=CC(O)=O)C1=CC=C(C=C1)C1=C(C=CC=C1)C1=NN=NN1,22.881971,427.95
CCOC(=O)C(=CNC1=C2NC=C(C(=O)OCC)C(=O)C2=CC(=C1)[N+]([O-])=O)C(=O)OCC,10.221697,428.15
[O-][N+](=O)C1=CC=C(OC(=O)C2=NC=CC=C2)C=C1,19.482262,428.15
COCC(C(C)=CC(CNC(=O)C1=CC=NC=C1)=NO)[N+]([O-])=O,18.454529,428.15
OC(=O)CNC1=C(C2=CC=CC=C2C=C1)[N+]([O-])=O,6.4041133,428.15
O=C(NCC(=O)N(CC1=CC=CC=C1)[C@H]1[C@H](CC2=CC=CC=C2)CCC2=CC=CC=C12)NC1=CC=CC(=C1)C(=O)NC1=NN=NN1,17.763693,428.15
NC1=NC(NCC([N+]([O-])=O)([N+]([O-])=O)[N+]([O-])=O)=NO1,73.452934,428.15
O=[N+](/C([N+]([O-])=O)=C1NCN(N=O)CN\1)[O-],71.23515,428.15
CN1C([N+]([O-])=O)=NN=N1,80.85372,428.15
NC(O1)=NN=C1C2=NON=C2[N+]([O-])=O,72.38899,428.15
O=C(OCC([N+]([O-])=O)([N+]([O-])=O)[N+]([O-])=O)CCC([N+]([O-])=O)([N+]([O-])=O)[N+]([O-])=O,60.760258,428.15
CCOC(=O)N1N=NN=C1C1=CC(=O)C2=C(O1)C=CC=C2,9.533585,428.65
O=[N+](C1=CN([N+]([O-])=O)N=C1C2=NOC(C3=NN([N+]([O-])=O)C=C3[N+]([O-])=O)=N2)[O-],72.71845,429.15
CN1C(=O)C(=C(O)C2=CC=CN=C12)[N+]([O-])=O,12.195051,430.15
CC(C)(C)OC(=O)NC1=C(C=C(C#CC2=CC=CC=C2)C(OCC(O)CO)=C1)[N+]([O-])=O,5.9064345,430.15
O=C(OCCOC(N[N+]([O-])=O)=O)N[N+]([O-])=O,61.299084,430.15
O=[N+](/C([N+]([O-])=O)=C1NCN([N+]([O-])=O)CN\1)[O-],69.06207,431.15
O=C(OCC(COC(N[N+]([O-])=O)=O)([N+]([O-])=O)[N+]([O-])=O)N[N+]([O-])=O,65.937515,431.15
ON=C(CC1=C(C=CC=C1)[N+]([O-])=O)C(O)=O,15.486011,432.15
CC1=NC(C2=NON=C2N[N+]([O-])=O)=NO1,70.4086,432.15
O=[N+](C1=CN([N+]([O-])=O)N=C1C2=NN=C(C3=NN([N+]([O-])=O)C=C3[N+]([O-])=O)O2)[O-],72.718445,432.15
CCCCC1=NC=C2N1C(CC=C2CC(O)=O)C1=CC=C(C=C1)C1=C(C=CC=C1)C1=NN=NN1,22.345638,432.65
O=C1OCC(CO[N+]([O-])=O)(CO[N+]([O-])=O)N1[N+]([O-])=O,73.62865,433.15
NC1=[N+]([O-])ON=C1C2=NO[N+]([O-])=C2N,76.307144,433.15
O=[N+](C1=CN(N=N1)/N=N/N2C=C([N+]([O-])=O)N=N2)[O-],78.50105,433.15
CC(=O)C1=CN([C@H]2C[C@H](O)[C@@H](CN=[N+]=[N-])O2)C(=O)NC1=O,20.666046,433.65
OC(=O)C1=C(NC(=N1)C1=CC=CC2=CC=CC=C12)C1=CC=C(C=C1)[N+]([O-])=O,12.789698,434.15
CC(O)C1C(CC(=O)C(=[N+]=[N-])C(=O)OCC2=CC=C(C=C2)[N+]([O-])=O)NC1=O,18.748371,434.35
[O-][N+](=O)C=CC1=CNC=C1,82.31491,435.15
[N-]=[N+]=NC1=C2C(=O)N(CCCCN3C(=O)C4=CC=CC(N=[N+]=[N-])=C4C3=O)C(=O)C2=CC=C1,30.375935,435.15
OC[C@H]1O[C@H](C[C@@H]1N=[N+]=[N-])N1C=CC(=O)NC1=O,40.81666,435.15
COC1=C(OC)C=C2C(=C1)N=CN=C2N1CCC2=CC(=CC=C12)N=[N+]=[N-],5.796106,435.15
[O-][N+](C([N+]([O-])=O)([N+]([O-])=O)C([H])([H])C([H])([H])C(OC([H])([H])C([N+]([O-])=O)([N+]([O-])=O)[N+]([O-])=O)=O)=O,60.76026,435.95
CC(CC1=CC=C(C=C1)[N+]([O-])=O)(C(O)=O)C(O)=O,18.670864,436.15
CC[C@H](C)[C@H](OCC1=CC=CC=C1)[C@@H]1[C@H](N[C@H]([C@H]1[N+]([O-])=O)C1=CC=CC=C1)C(O)=O,27.223175,436.15
NC1=NN=NN1CCO[N+]([O-])=O,69.494064,436.15
NC1=C([N+]([O-])=O)C2=NN=NN2N=C1N=[N+]=[N-],29.203419,436.15
N/C(N1C(C)(O)CC(C)=N1)=C([N+]([O-])=O)/[N+]([O-])=O,70.97026,436.41
CCCCC1=NC(CCCC)=C2N1C(CC=C2C1=CC=CC=C1)C1=CC=C(C=C1)C1=C(C=CC=C1)C1=NN=NN1,22.350471,437.15
CCC(=O)C1=C(C)C2=CC=CC(=C2N1)[N+]([O-])=O,29.387253,437.15
[O-][N+](=O)C1=CC=C(C=C1)C(=O)OC1=CC=CC2=CC3=CC=CC(OC(=O)C4=CC=C(C=C4)[N+]([O-])=O)=C3C(OC(=O)C3=CC=C(C=C3)[N+]([O-])=O)=C12,9.881621,438.15
CN(O)C(=O)C=CC1=CC=C(C2=CC=CC=C12)[N+]([O-])=O,5.25879,438.15
CC1=CC=C(C=C1)C1=C(C=CC=C1)C1=NN(N=N1)C(C1=CC=CC=C1)(C1=CC=CC=C1)C1=CC=CC=C1,24.966476,438.15
CNN(C=C[N+]([O-])=O)N=CC1=NC=CC=C1,29.847961,438.15
CN([N+]([O-])=O)CN1N=C([N+]([O-])=O)N=C1[N+]([O-])=O,80.00249,438.15
CN([N+]([O-])=O)CN1N=C([N+]([O-])=O)C(N)=C1[N+]([O-])=O,77.113,438.15
ON1N=NC(C2=NN(O)N=N2)=N1,86.034225,438.15
NC1=NN=NN1CCN2N=C([N+]([O-])=O)C([N+]([O-])=O)=C2N=[N+]=[N-],64.99002,439.15
NC1=NC2=C([N+]([O-])=O)N=NN2N=C1N=[N+]=[N-],43.628094,439.15
O=[N+](C(N=N1)=C(N=C/2N([H])[H])[N+]1=NC2=N/[N+]#N)[O-],75.57602,439.15
NCC(=O)NC1=C(C=C(C=C1)[N+]([O-])=O)C(=NO)C1=CC=CC=C1,9.254286,440.15
N/C(C1=NNC(N=[N+]=[N-])=N1)=N\O,69.628235,440.15
OC(CN([N+]([O-])=O)CC([N+]([O-])=O)([N+]([O-])=O)[N+]([O-])=O)=O,72.730225,440.15
CC(C)OC(=O)C1=C(C)NC(C)=C(C1C1=CC(=CC=C1)[N+]([O-])=O)C(=O)OCCCN(C)CC1=CC=CC=C1,23.303366,440.65
CC1NC(=O)NN=C1C1=CC=C(C=C1)C1=NN=NN1,21.327656,441.15
[O-][N+](=O)C1=C(C=CC=C1)C1=CNC(=N1)C#N,12.174665,441.15
CCC1=NC2=CC=NN2C(=C1)N(C)CC1=CC2=C(OC(=C2)C2=C(C=CC=C2)C2=NN=NN2)C=C1,19.577394,441.15
CCN1CC2=C(NC(=O)C1)C=C(C(OC)=C2)[N+]([O-])=O,4.185457,441.15
O/N=C/C1=NO[N+]([O-])=C1/C=N/O,72.72212,441.15
O=[N+](NCC(O[N+]([O-])=O)CN[N+]([O-])=O)[O-],58.622566,441.15
CCCCC1=NC(CCCC)=C2C(CCC(N12)C1=CC=C(C=C1)C1=C(C=CC=C1)C1=NN=NN1)N1C(=O)CCC1=O,22.869781,441.55
CCC1C(C)NN=C(C=CC2=CC=C(C=C2)[N+]([O-])=O)C2=C1C=C(OC)C(OC)=C2,9.207901,441.65
O=[N+](C(COC1=NC(OCC([N+]([O-])=O)([N+]([O-])=O)[N+]([O-])=O)=NC(OCC([N+]([O-])=O)([N+]([O-])=O)[N+]([O-])=O)=N1)([N+]([O-])=O)[N+]([O-])=O)[O-],79.15616,441.95
[O-][N+](=O)C1=CC(=C(CC2=C(C=C(C(C=CC3=C(C=C(C=C3[N+]([O-])=O)[N+]([O-])=O)[N+]([O-])=O)=C2[N+]([O-])=O)[N+]([O-])=O)[N+]([O-])=O)C(=C1)[N+]([O-])=O)[N+]([O-])=O,11.144283,442.15
CC1=C(C(C2=CC(=CC=C2)[N+]([O-])=O)C(=NN1)C(O)=O)C(O)=O,23.18452,442.15
CC1=NC2=CC=CC=C2C(OCC2=CC=C(C=C2)C2=C(C=CC=C2)C2=NN(N=N2)C(C2=CC=CC=C2)(C2=CC=CC=C2)C2=CC=CC=C2)=C1,11.746995,442.15
CCCN1N=C(N=C1CC1=CN=C(C=C1)C1=C(C=CC=C1)C1=NN=NN1)C(OC)OC,17.743399,442.15
CCCN1N=C(N=C1CCC1=CN=C(C=C1)C1=C(C=CC=C1)C1=NN=NN1)C(OC)OC,17.743399,442.15
O=C(NC(NC(OCC([N+]([O-])=O)([N+]([O-])=O)[N+]([O-])=O)=O)=O)OCC([N+]([O-])=O)([N+]([O-])=O)[N+]([O-])=O,62.917427,442.15
NC1=NON=C1C2=NO[N+]([O-])=C2C3=NON=C3NCC([N+]([O-])=O)([N+]([O-])=O)[N+]([O-])=O,67.84906,442.55
O=[N+](C1=NN(CC(N/2)=NOC2=N\[N+]([O-])=O)C([N+]([O-])=O)=C1[N+]([O-])=O)[O-],70.04158,443.05
OC(CCC(O)=O)C1=CC=C(C=C1)C1=C(C=CC=C1)[N+]([O-])=O,20.081411,443.15
[N-]=[N+]=NC1=NC2=CC=CC=CC2=C1C#N,31.746283,443.15
CCCCOC(=O)NC1=CC=C(CC(=O)N(C)[C@H](CN2CCCC2)C2=CC(=CC=C2)[N+]([O-])=O)C=C1,22.997803,443.15
OC(=O)C1=CC=C(O1)C1=NN(CC2=CC=CC=C2)C2=CC(=CC=C12)[N+]([O-])=O,18.259163,443.15
ON1N=NN=C1/N=N/C2=NN=NN2O,86.73414,443.15
O=C(NCN([N+]([O-])=O)CC([N+]([O-])=O)([N+]([O-])=O)[N+]([O-])=O)OCC([N+]([O-])=O)([N+]([O-])=O)[N+]([O-])=O,63.801003,443.15
[O-]C1=C(C(N)=C(C=C1[N+]#N)[N+]([O-])=O)[N+]([O-])=O,6.6482773,443.15
NC1=NO[N+]([O-])=C1C2=[N+]([O-])ON=C2N,76.57123,443.15
CN(CC1=NOC(=N1)C1=C(C)NC(C)=C(C1C1=CC(=CC=C1)[N+]([O-])=O)C(O)=O)CC1=CC=CC=C1,23.28171,444.15
CC(C)CNC1=C(C2=NN=NN2C2=NC=CC=C12)[N+]([O-])=O,11.479985,444.15
[O-][N+](=O)C1=CC=C(C=C1)C1=NN2CCCC2CC2=C1C=C1OCOC1=C2,15.362478,444.15
OC(=O)CC1=C(C=C(NC(=O)OCC2=CC=CC=C2)C2=CC=CC=C12)[N+]([O-])=O,1.2497351,444.15
O=[N+](C1=NN([N+]([O-])=O)C=C1)[O-],72.9516,444.15
O[C@@H]1[C@H](NC(=O)C(C(=O)OCC2=CC=C(C=C2)[N+]([O-])=O)C2=CC=CC=C2)[C@H](O[C@H]1N1C=NC2=C(NC(=O)C3=CC=CC=C3)N=CN=C12)C(O)=O,18.748371,444.65
O=[N+](C([N+]([O-])=O)([N+]([O-])=O)N1N=C([N+]([O-])=O)N=C1C2=NNC=N2)[O-],78.85475,445.15
[N-]=[N+]=NC1=C(C=NC2=CC=CC=C12)C(=O)ON1C(=O)CCC1=O,10.489226,447.15
OC[C@H]1OC(O)[C@H](N=[N+]=[N-])[C@@H](O)[C@H]1O,57.236687,447.15
COC1=CC2=C(C=C1OC)C(C=CC1=CC=C(C=C1)[N+]([O-])=O)=NNC(C)C2,9.535727,447.15
[NH2+]=C(N([N+]([O-])=O)CN([N+]([O-])=O)CN([N+]([O-])=O)C([N-][N+]([O-])=O)=[NH2+])[N-][N+]([O-])=O,73.11436,447.15
N[C@@H](CN=[N+]=[N-])C(O)=O,55.516975,447.65
CN(C)CCCN(C)C(=O)C1=CC(=CN1)N(C)C(=O)C1=CC(=CN1)[N+]([O-])=O,70.63608,448.15
CCCCC1=CN(CC(CC)CC)C(=O)N1CC1=CC=C(N=C1)C1=C(C=CC=C1)C1=NN=NN1,17.743399,448.15
CC(C)(C)OC(=O)CC[C@@H](N)C1=NN=NN1,60.53887,448.15
OCC1=NN=C(C2=CC=C(C=C2)[N+]([O-])=O)C2=C(C1)C=C1OCOC1=C2,15.623152,448.15
O=[N+](N(CCN(C1=NON=C1C2=NOC=N2)[N+]([O-])=O)C3=NON=C3C4=NOC=N4)[O-],74.16656,448.15
NC1=C([N+]([O-])=O)C2=NON=C2[N+]([O-])=N1,47.16233,448.15
[N-]=[N+]=NC1=CC([N+]([O-])=O)=CC([N+]([O-])=O)=C1,27.14169,448.15
OC1C(O)N/C(N1)=C([N+]([O-])=O)/[N+]([O-])=O,71.630486,448.81
NC1=CC=C(C=C1)N1C(=O)C2=CC=CC(N=[N+]=[N-])=C2C1=O,16.567398,449.15
NC1=NC2=C(N=CN2COCCOC(=O)CN=[N+]=[N-])C(=O)N1,63.49479,449.15
CCC1=NC2=C(C)C=C(C)N=C2N1CC1=CC=C(C=C1)C1=C(C=CC=C1)C1=NN=NN1,24.264751,449.15
CCCC1(CCC)C2=CC=CC=C2C2=C1C=C(O)C(=C2)[N+]([O-])=O,13.818609,449.15
OC(=O)C1=C(NC(=N1)C1=CC=C(C=C1)[N+]([O-])=O)C1=CC=CC=C1,19.359638,449.65
CCCCN1C=C(CCCC)N(CC2=CC=C(C=C2)C2=C(C=NC=C2)C2=NN=NN2)C1=O,25.809029,450.15
CC(C)(C)OC(=O)NC1=C(C=C(C#CC2=CC=CC=C2)C(CO)=C1)[N+]([O-])=O,6.6778655,450.15
CCOC(CNC(OCC([N+]([O-])=O)([N+]([O-])=O)[N+]([O-])=O)=O)=O,58.25903,450.15
CCCCC1=CN(C(=O)N1CC1=CC=C(C=C1)C1=C(C=CC=C1)C1=NN=NN1)C1=C(C)C=CC=C1C,20.021687,450.65
CCCC1=CN([C@H]2C[C@H](O)[C@@H](CN=[N+]=[N-])O2)C(=O)NC1=O,34.677254,451.15
CC1=CC(OCC2=CC=C(C=C2)C2=C(C=CC=C2)C2=NN(N=N2)C(C2=CC=CC=C2)(C2=CC=CC=C2)C2=CC=CC=C2)=C(C(C)=N1)C1=CC=NC=C1,21.581816,451.15
CCCOC1=NC2=C(C=CC=C2)N1CC1=CC=C(C=C1)C1=C(C=CC=C1)C1=NN=NN1,24.264751,451.15
CC1=CC2=C3N=C(C)C=CC3=C(C=C2N=C1)[N+]([O-])=O,3.2586837,451.15
COC1=CC=C(C(O)=O)C2=C1OC1=C2C=C(C=C1)[N+]([O-])=O,18.59692,451.15
O=[N+](/N=C1N(CC2=NN=NN2)N=NN/1)[O-],69.985596,451.15
[N-]=[N+]=NC1=NON=C1NCNC2=NON=C2N=[N+]=[N-],70.31891,451.15
OC(CCC(O)=O)C1=CC=C(C=C1)C1=CC=C(C=C1)[N+]([O-])=O,19.999226,451.65
CCCC1=NC(=C(N1CC1=CC=C(C=C1)C1=C(C=CC=C1)C1=NN=NN1)C(=O)OCC1=C(C)OC(=O)O1)C(C)(C)O,24.264751,451.65
C(OC1=CC=C2N(CC3=CC=CC=C3)C=C(C=CC3=NN=NN3)C2=C1)C1=CC=CC=C1,22.67673,452.15
CC(=O)OCC1=CC=C(C=C1)C1=C(N=C(N1)C1=CC=C(C=C1)[N+]([O-])=O)C(=O)OC(C)(C)C,19.359638,452.15
O=[N+](N1C2N([N+]([O-])=O)C3C1N(CN=[N+]=[N-])C4C(N3CN=[N+]=[N-])N([N+]([O-])=O)C2N4[N+]([O-])=O)[O-],67.81053,452.15
OC(=O)CN1N=NN=C1C1=CC=CC=C1,24.555925,452.65
CC1=CC(OCC2=CC=C(C=C2)C2=C(C=CC=C2)C2=NN=NN2)=C(C(C)=N1)C1=CC=NC=C1,21.581816,453.15
CCOC(=O)C(=O)NC1=C(C=C(C=C1)N1C=CN=C1)[N+]([O-])=O,9.376892,453.15
COC1=C2C(NC=C2C=C[N+]([O-])=O)=CC=C1,32.122902,453.15
O=[N+](N(C([H])([H])C(OC([H])(C([N+]([O-])=O)([N+]([O-])=O)[N+]([O-])=O)[H])=O)C([H])(C([N+]([O-])=O)([N+]([O-])=O)[N+]([O-])=O)[H])[O-],63.21145,453.15
CCCC1=C(OCCOC2=CC=C3C(O)=C(C(=O)OC3=C2)[N+]([O-])=O)C(=CC(C(C)=O)=C1O)[N+]([O-])=O,6.4433985,453.65
COC1=C(C=C(C=C1)N1C=NN=N1)C(=O)N1CCC(CCN2CCCN(CC2)C2=NC3=C(C=CC=C3)N2CCO)(C1)C1=CC=CC=C1,5.0634537,454.15
O=[N+](C1=NN(CCN2N=NN/C2=N/[N+]([O-])=O)C=N1)[O-],65.99106,454.15
CCOCN1C(C)=C(C(C2=CC(=CC=C2)[N+]([O-])=O)C(C(=O)OCC)=C1C)C(O)=O,23.303364,454.65
CC1(C)OC(=O)C(CC2=CNC3=CC=C(C=C23)[N+]([O-])=O)C(=O)O1,18.756168,455.15
[O-][N+](=O)C1=C2C(=O)NC(=O)N(CCCCN3CCC(=CC3)C3=CC=CC=C3)C2=CC=C1,6.467014,455.15
O=[N+](C([N+]([O-])=O)([N+]([O-])=O)CNN1C(NN2N=NN=C2)=NN=C1)[O-],73.86908,455.15
O=C(OCC(COC(N)=O)([N+]([O-])=O)[N+]([O-])=O)N,65.908295,455.15
[O-]N1C2=CC([N+]([O-])=O)=CC([N+]([O-])=O)=C2[NH+]=N1,24.581501,455.15
NC(NC1=NON=C1[N+]([O-])=O)=O,69.49546,455.15
CN([N+]([O-])=O)CN1C=C([N+]([O-])=O)N=C1[N+]([O-])=O,78.35318,456.15
O=C(CN([N+]([O-])=O)CC([N+]([O-])=O)([N+]([O-])=O)[N+]([O-])=O)OCC([N+]([O-])=O)([N+]([O-])=O)[N+]([O-])=O,63.21145,456.15
CN([N+]([O-])=O)CNC(OCC([N+]([O-])=O)([N+]([O-])=O)[N+]([O-])=O)=O,63.80179,456.15
O=C(NC(OCC([N+]([O-])=O)([N+]([O-])=O)[N+]([O-])=O)=O)OCC([N+]([O-])=O)([N+]([O-])=O)[N+]([O-])=O,63.79729,456.15
[O-][N+](=O)C1=C(NNC(=O)C2=CC=CC=C2)C2=CC=CC=C2C=C1,7.8010793,456.65
[O-][N+]1=C(C2=[N+]([O-])ON=C2N)C(C3=[N+]([O-])ON=C3N)=NO1,76.6172,456.75
NC1=NN=NN1CN(C)[N+]([O-])=O,76.46707,457
COC(=O)N1C=C(C=NN2CCOCC2)C(=N1)C1=CC=C(O1)[N+]([O-])=O,68.44267,457.15
OC(=O)C1=NC=C(OC2=CC=C(C=C2)[N+]([O-])=O)C=C1,18.962025,457.15
OCC1=NC2=CC=CC=C2C(OCC2=CC=C(C=C2)C2=C(C=CC=C2)C2=NN(N=N2)C(C2=CC=CC=C2)(C2=CC=CC=C2)C2=CC=CC=C2)=C1,11.5866165,457.15
NC(C=CC1=CC=C(C=C1)[N+]([O-])=O)=NO,19.28339,457.65
CC1=C(C(C2=CC(=CC=C2)[N+]([O-])=O)C(C(O)=O)=C(C)N1)C(O)=O,23.303364,457.65
ON1C(=O)C=CC2=CC(=CC=C12)[N+]([O-])=O,6.8324466,457.65
CCCCC1=CN(C)C(=O)N1CC1=CC=C(N=C1)C1=C(C=CC=C1)C1=NN=NN1,17.743399,457.65
OC1N/C(NC1O)=C([N+]([O-])=O)\[N+]([O-])=O,71.63048,457.96
COC1=C(OC)C=C2C(=C1)N=CN=C2N1CCC2=CC=C(C=C12)N=[N+]=[N-],5.8105707,458.15
[O-][N+]1=NC2=NN=NN2N=C1N,77.656334,458.15
[H]C1=C([N+]([O-])=O)C([H])=C([N+]([O-])=O)C(N([N+]([O-])=O)C([H])([H])[H])=C1[N+]([O-])=O,13.320239,458.15
C(C1=NN=NN1)C1=NC2=C(C=CC=C2)N1C1=CC=CC=C1,22.762724,459.15
O=C(C(OCC([N+]([O-])=O)([N+]([O-])=O)[N+]([O-])=O)=O)OCC([N+]([O-])=O)([N+]([O-])=O)[N+]([O-])=O,64.0672,459.15
NN(C([N+]([O-])=O)=N1)N=C1N(C=N2)N=C2[N+]([O-])=O,76.54765,459.15
O=[N+](C1=CN([N+]([O-])=O)N=C1C2=NN=C(C3=NN=C(C4=NN([N+]([O-])=O)C=C4[N+]([O-])=O)O3)O2)[O-],72.718445,459.15
CN(CC(N)=O)[N+]([O-])=O,69.95969,459.15
NC1=C([N+]([O-])=O)C2=NON=C2N=N1,49.02003,459.15
CCC1=NC2=C(C=NN2C(NCC2=CC=C(C=C2)C2=C(C=CC=C2)C2=NN=NN2)=C1)C(O)=O,24.264751,460.15
OC[C@H]1O[C@H]([C@@H](O)[C@@H]1O)N1C=NC2=C(N=[N+]=[N-])N=CN=C12,61.465347,460.65
CCCCC1=CN(C(=O)N1CC1=CC=C(C=C1)C1=C(C=CC=C1)C1=NN=NN1)C1=C(C)C=C(C)C=C1C,20.112612,460.65
NC(=O)CC1=C(C=CC(=C1)[N+]([O-])=O)C(O)=O,10.016745,460.65
O=[N+](/C([N+]([O-])=O)=C1NCN(CN2CN/C(NC2)=C([N+]([O-])=O)/[N+]([O-])=O)CN\1)[O-],71.17404,461.15
CCCC1=NC2=C(C(N(CC2)C(C)=O)C(=O)OC)N1CC1=CC=C(C=C1)C1=C(C=CC=C1)C1=NN=NN1C(C1=CC=CC=C1)(C1=CC=CC=C1)C1=CC=CC=C1,23.53806,461.65
[O-][N+](=O)C1=CC=C(C=C1)N1CCC(=CC1)C1=CC=CC=C1,12.862614,461.65
CC(C)(C)OC(=O)CCCCCCCCCCC1(CN(CC2=CC=CC=C2)CCN(CC2=CC=CC=C2)C1)[N+]([O-])=O,27.812698,461.65
CCCC(N1CCCC1)C(=O)C1=CC=C(C=C1)[N+]([O-])=O,13.09957,462.15
N/C(N1C(C=C([N+]([O-])=O)C=C2[N+]([O-])=O)=C2C=N1)=N\N=C\C3=C([N+]([O-])=O)C=C([N+]([O-])=O)C=C3[N+]([O-])=O,14.675629,462.15
[N-]=[N+]=NCC(=O)NC1=C2CCCCC2=NC2=CC=CC=C12,8.2890625,463.15
NC1=C(N=C(N2C=NN=N2)C2=C1C(=O)NNC2=O)C1=CC=CC=C1,8.270563,463.15
CCCCC1=CN(C(=O)N1CC1=CC=C(C=C1)C1=C(C=CC=C1)C1=NN=NN1)C1=C(OC)C=CC=C1OC,16.694744,463.15
O=C1N(CO[N+]([O-])=O)C2=NC3=NON=C3N=C2N1CO[N+]([O-])=O,67.82184,463.15
NN1N=C([N+]([O-])=O)C([N+]([O-])=O)=N1,76.18256,463.15
OC(=O)C(OC1=CC2=C(C=C1)C(=CO2)C1=CC=CC=C1)[N+]([O-])=O,26.00978,463.65
CCCCC1=CC=C(N1CC1=CC=C(C=C1)C1=C(C=CC=C1)C1=NN=NN1)C(=O)OCC,24.264751,463.65
CC(C)OC1=C(C)OC(C(=O)NC2=NN=NN2)=C1OC(C)C,65.564384,464.15
CC1=CC=CN=C1NC=C(C#N)C1=NN=NN1,26.15383,464.15
O[C@H](CN1C(=O)C2=CC=CC=C2C1=O)N1C=CN=C1[N+]([O-])=O,29.762352,464.65
CCOC1=NC2=C(N1CC1=CC=C(C=C1)C1=C(C=CC=C1)C1=NN=NN1)C(=CC=C2)C(=O)OC,20.812641,465.15
ON1N=NC(=N1)C1=CC(=O)C2=C(O1)C(NC(=O)C1=CC=C(OCCCCC3=CC=CC=C3)C=C1)=CC=C2,11.959156,465.15
NC1=NON=C1NNC1=NON=C1N,66.337616,465.15
O=C(OCC([N+]([O-])=O)([N+]([O-])=O)C)N,67.11374,465.15
[N-]=[N+]=NCN([N+]([O-])=O)CN([N+]([O-])=O)CN([N+]([O-])=O)CN=[N+]=[N-],57.35898,465.2
O=C(CN1C=NN=N1)NC1=CC=CC=C1,27.98304,465.65
O=C(NC1N=C(C2=CC=CC=C2)C2=C(C=CC=C2)N(CC2=NN=NN2)C1=O)C1=CC2=CC=CC=C2N1,15.587162,465.65
O=C(OCC([N+]([O-])=O)([N+]([O-])=O)[N+]([O-])=O)C1=C([N+]([O-])=O)C=C(C(OCC([N+]([O-])=O)([N+]([O-])=O)[N+]([O-])=O)=O)C([N+]([O-])=O)=C1,2.858906,465.85
[O-][N+](C([N+]([O-])=O)([N+]([O-])=O)C([H])([H])N([N+]([O-])=O)C([H])(C([H])([H])N([N+]([O-])=O)C([H])([H])C([N+]([O-])=O)([N+]([O-])=O)[N+]([O-])=O)[H])=O,75.39806,465.95
CCCCC1=C(CC2=CC=C(C=C2)C2=C(C=CC=C2)C2=NN=NN2)C(=O)N=C2NC(=O)C(C)N12,24.264751,466.15
CN(CC#N)[N+]([O-])=O,77.649826,466.15
CN1C=C(C=NOC(C)=O)C(=N1)C1=CC=C(O1)[N+]([O-])=O,68.925,467.65
N/C(NNC=O)=N\[N+]([O-])=O,67.390274,468.11
OC1=C(CNC2=C(O)C=CC(=C2)[N+]([O-])=O)C=C(C=C1)[N+]([O-])=O,13.421036,468.15
O=[N+](C(COCOCC([N+]([O-])=O)([N+]([O-])=O)[N+]([O-])=O)([N+]([O-])=O)[N+]([O-])=O)[O-],80.125084,468.15
CC1(CN2C(=O)N(C3CCNCC3)C3=C2C=CC=C3)CN2C=C(N=C2O1)[N+]([O-])=O,27.988556,468.75
CC1=[N+]([O-])ON=C1/C=N/N/C(N)=N/[N+]([O-])=O,68.34294,468.85
O=[N+](OCN1C2=NON=C2N(CO[N+]([O-])=O)C3=NON=C13)[O-],66.618774,469.15
O=C(N([H])[N+]([O-])=O)OCC(COC(N([N+]([O-])=O)[H])=O)(COC(N([N+]([O-])=O)[H])=O)COC(N([H])[N+]([O-])=O)=O,66.336266,469.15
NC1=NC2=C([N+]([O-])=O)N=NN2N=C1C#N,43.960617,469.15
O=[N+](N=C(C1=NON=C21)N=C(N([H])[H])N2[H])[O-],58.21864,469.15
O=[N+](C1=C2N(N=C(C#N)C(N([H])[H])=N2)N=N1)[O-],43.960617,469.15
COC1=CC(CC2=CN=C(N[N+]([O-])=O)NC2=O)=NC=C1,21.087257,470.15
CC1=C2C(CC3C(=O)OC(C)(C)OC3=O)=CNC2=CC=C1[N+]([O-])=O,18.312927,470.15
OC(=O)C1=NN=C(C2=CC=C(C=C2)[N+]([O-])=O)C2=C(C1)C=C1OCOC1=C2,15.18239,470.15
[O-][N+](=O)NC1=NC=CN1,70.256744,470.65
C1COC(O1)C1=CC=C(C=C1)C1=NN=NN1,22.027027,471.15
O/N=C(N)/C1=NON=C1/C(N)=N/O,71.93828,471.15
[O-][N+]1=C(C2=NOC(N)=N2)C([N+]([O-])=O)=NO1,73.74498,471.15
O=[N+](N(CC1=NN=NN1)CC2=NN=NN2)[O-],78.48966,471.15
N/C(NNC1=NN=C(N2N=C(C)C=C2C)N=N1)=N\[N+]([O-])=O,67.37805,471.3
N/C(C1=NON=C1NN)=N\N,71.02254,471.95
OC(CCNC1=C(C=C(C=C1)[N+]([O-])=O)[N+]([O-])=O)C(O)CCNC1=C(C=C(C=C1)[N+]([O-])=O)[N+]([O-])=O,10.123058,472.15
[O-][N+](=O)C1=CC=C2N=C(NCC=C)N=C(NCC=C)C2=C1,5.9518166,472.15
CCCCC1=CN(C(=O)N1CC1=CC=C(C=C1)C1=C(C=CC=C1)C1=NN=NN1)C1=C(CC)C=CC=C1CC,17.768911,472.15
O=[N+](C1=NNC([N+]([O-])=O)=C1)[O-],79.43217,472.15
O=C(NCNC(NCC([N+]([O-])=O)([N+]([O-])=O)[N+]([O-])=O)=O)NCC([N+]([O-])=O)([N+]([O-])=O)[N+]([O-])=O,65.75615,472.15
CC(=O)N1C(=CC2=C(C=CC=C2)[N+]([O-])=O)C(=O)C2=CC=CC=C12,14.53583,472.45
C(CC1=NN=NN1)OCCC1=NN=NN1,69.05872,472.65
ON=CC1=CN(N=C1C1=CC=C(O1)[N+]([O-])=O)C1=CC=CC=C1,24.54022,473.15
CC1C(CN=[N+]=[N-])OC2=C3C=C(C)C(=O)NC3=C(C)C=C12,17.832413,473.15
CN([C@H](CN1CCCC1)C1=CC(=CC=C1)[N+]([O-])=O)C(=O)CC1=CC=C(N)C=C1,22.997799,473.15
COC(=O)C1=CC2=C3C(CO)CN(C(=O)OC(C)(C)C)C3=CC(=C2N1)[N+]([O-])=O,47.61981,473.15
CC1=NC(C2=NON=C2NCC([N+]([O-])=O)([N+]([O-])=O)[N+]([O-])=O)=NO1,70.063705,473.15
CC(C)C1=CC(=NC=C1)C(=O)NC1=NN=NN1,21.93966,473.65
O=C(N(C1([H])[H])C([H])([H])C1([N+]([O-])=O)[N+]([O-])=O)N(C2([H])[H])C([H])([H])C2([N+]([O-])=O)[N+]([O-])=O,84.21477,473.95
CC(=CC1=C(C=C(C=C1)C(O)=O)[N+]([O-])=O)[N+]([O-])=O,9.810293,474.15
CN(CC(NNC(CN([N+]([O-])=O)C)=O)=O)[N+]([O-])=O,62.059925,474.15
NC1=NC(CN2C([N+]([O-])=O)=C([N+]([O-])=O)C([N+]([O-])=O)=N2)=NO1,73.61332,474.65
OC1=CC2=C(C=C1)C(=C(O2)[N+]([O-])=O)C1=CC=CC=C1,24.294489,475.15
CC(=CC1=CC=C(C=C1)[N+]([O-])=O)C(O)=O,19.693012,475.15
C[C@]12CC[C@H]3[C@@H](CC=C4C[C@@H](O)CC[C@]34C)[C@@H]1CC=C2N1C=NN=N1,61.561085,475.15
CC(ON=C1C2=CC(=CC(=C2C2=C1C=C(C=C2[N+]([O-])=O)[N+]([O-])=O)[N+]([O-])=O)[N+]([O-])=O)C(O)=O,24.331018,475.15
COC1=CC2=C(C=C1[N+]([O-])=O)C1=C(CNCC1)C(=O)O2,2.3454874,475.65
CCCCC1=CN(C(=O)N1CC1=CC=C(C=C1)C1=C(C=CC=C1)C1=NN=NN1)C1=C(C=CC=C1C(C)C)C(C)C,14.731959,475.65
CCCC1=NN=C(COC)N1CC1=CC=C(C=C1)C1=C(C=CC=C1)C1=NN=NN1,24.264751,476.15
C(N1C=CC2=C(CC3=NN=NN3)C=CC=C12)C1=CC=CC=C1,27.82306,476.15
COC1=CC2=C(NC(=O)CNC2)C=C1[N+]([O-])=O,4.404873,476.15
CCCCOC1=CC=CC(=N1)C(=O)NC1=NN=NN1,22.765621,476.65
CC(C)(O)CNC1=C(C2=NN=NN2C2=CC=CC=C12)[N+]([O-])=O,5.7369003,477.15
OC(=O)C1=CC=CC2=C1N(CC1=CC=C(C=C1)C1=C(C=CC=C1)C1=NN=NN1)C(=N2)N1CCOCC1,20.644363,477.15
COC(=O)C1=C(NC(C)=C(C1C1=CC(=CC=C1)[N+]([O-])=O)C(O)=O)C#N,23.303366,478.15
CCN(C)C1=NC2=C(N1CC1=CC=C(C=C1)C1=C(C=CC=C1)C1=NN=NN1)C(=CC=C2)C(O)=O,20.558363,478.15
CCCCC1=NN(CC2=CC=C(C=C2)C2=C(C=CC=C2)C2=NN=NN2)C(=N1)C1=CC=CC=C1,24.264751,478.15
O=[N+](C1=NN(C([N+]([O-])=O)=C1[N+]([O-])=O)CN2C([N+]([O-])=O)=C([N+]([O-])=O)C([N+]([O-])=O)=N2)[O-],77.24342,478.15
C[C@]12CC[C@H]3[C@@H](CCC4=C(C(=O)CC[C@]34C)[N+]([O-])=O)[C@@H]1CCC2=O,58.811478,478.35
CN1N=NN=C1NCC1NCCC2=CC(O)=C(O)C=C12,5.509283,478.65
C(N1CCC(CC1)(NC1=CC=CC=C1)C1=NN=NN1)C1=CC=CC=C1,27.975218,478.65
CC(=O)NC1=C(C=C(C=C1)C1=C(C)N2C=CC(C)=CC2=N1)[N+]([O-])=O,9.4412365,479.15
[O-][N+](=O)C1=CN=C(N=C1)C1=CC(=C(OCC2=CC=CC=C2)C=C1)C12CC3CC(CC(C3)C1)C2,12.987589,479.15
O=[N+](OCN1C2=C(N(CO[N+]([O-])=O)N=C2[N+]([O-])=O)C([N+]([O-])=O)=N1)[O-],68.898285,479.15
O=[N+](C1=CN([N+]([O-])=O)N=C1C2=NN([N+]([O-])=O)C=C2[N+]([O-])=O)[O-],72.90695,479.15
O=[N+](N1C2N([N+]([O-])=O)C3C1N(CN=[N+]=[N-])C4C(N3[N+]([O-])=O)N([N+]([O-])=O)C2N4[N+]([O-])=O)[O-],65.869965,479.15
[H]C(N([N+]([O-])=O)C1([H])[H])(N([N+]([O-])=O)C([H])(N1[N+]([O-])=O)[H])[H],65.58268,479.15
CCOC(=O)CNC=C1NN2C(C=C1N)=NN=C2C1=CC=C(O1)[N+]([O-])=O,61.517765,479.65
COC(=O)C1=C(C)NC(N)=C(C1C1=CC(=CC=C1)[N+]([O-])=O)C1=NC(CN(C)CC2=CC=CC=C2)=NO1,23.281708,479.65
CC1=C(CCC2=CC3=C(C=C2)N=C(N)O3)N=C2C=C(CN=[N+]=[N-])C=CN12,24.439651,479.65
COC1=CC=C(C=C1)C1=C(N=C(N1)C1=CC=C(C=C1)[N+]([O-])=O)C(O)=O,19.359638,479.65
NC(=O)NC1=CC(=CC=C1)C1=NN=NN1,24.195665,479.85
[O-][N+](=O)C1=CC2=C(NN=N2)C=C1,18.530209,480.15
CCOC(=O)COC1=CC=C(C=C1)C(=O)NC1=C(OC2=CC=C(C=C2)C2=NN=NN2)C=CC=C1,15.5177765,480.15
CC(C)C1=CC2=C3OC(CN=[N+]=[N-])=CC3=CC(C)=C2NC1=O,16.738953,480.15
O([N+](=O)[O-])C(CO[N+](=O)[O-])CO[N+](=O)[O-],61.491966,480.2
COC1=CC(C=C(C#N)C(N)=O)=C(C=C1)[N+]([O-])=O,8.27124,480.65
CN1C=C(C2=CC=CC=C12)C1=C(C(=O)NC1=O)C1=CN(CCCNC(N)=C[N+]([O-])=O)C2=CC=CC=C12,27.987625,480.65
CC1=CC=CC=C1C(=O)NN=CC=CC1=CC=C(O1)[N+]([O-])=O,11.636778,481.15
CN1CNC(NC1)=N[N+]([O-])=O,72.69594,481.15
COC1=C(C(C2=NN=C(O2)C2=C(C(OC)=C(C(OC)=C2[N+]([O-])=O)[N+]([O-])=O)[N+]([O-])=O)=C(C(OC)=C1[N+]([O-])=O)[N+]([O-])=O)[N+]([O-])=O,16.995712,481.15
NC(=O)C1=C(C(=CC=C1[N+]([O-])=O)N1CC1)[N+]([O-])=O,9.05438,481.15
CN1N=NC(/N=[N+]([O-])/C2=NN(C)N=N2)=N1,80.977135,481.15
CC1=CC(OCC2=CC=C(C=C2)C2=C(C=CC=C2)C2=NN=NN2)=C(C(C)=N1)C1=CC=C(C=C1)C(O)=O,14.583418,481.65
CCCCC1=NC=C2N1C(CCC2=CC(=O)OC(C)(C)C)C1=CC=C(C=C1)C1=C(C=CC=C1)C1=NN=NN1,22.881971,481.65
CCN1N=NC(NC(=O)C2C3=CC=CC=C3OC3=C2C=C(OC)C=C3)=N1,9.414263,482.15
N/C(NC(N)=O)=C([N+]([O-])=O)\[N+]([O-])=O,70.06602,482.15
CC1=CC(=CC(C(O)=O)=C1OC1CCOC1=O)[N+]([O-])=O,5.9200916,483.15
CC1(C)OC2=C(C=C(C=C2)C2=NN=NN2CC(O)=O)[C@@H](OC2=CC=C(O)N=N2)[C@]1(C)O,11.419464,483.15
OC(=O)CN1C(=O)C(=O)NC2=CC(=C(C=C12)N1C=CC(CNC(=O)NC2=CC=CC=C2)=C1)[N+]([O-])=O,2.5081763,483.15
CN([N+]([O-])=O)CN1N=C([N+]([O-])=O)C=C1[N+]([O-])=O,79.98758,483.15
O=[N+](C1=NN(CC#N)N=N1)[O-],71.542694,483.15
NC1=NC(CN2C([N+]([O-])=O)=C(N)C([N+]([O-])=O)=N2)=NO1,73.61332,483.65
O=[N+](C1=NNN=C1C2=NC([N+]([O-])=O)=NN2)[O-],79.65117,483.98
CC(=O)NC1=C(C=C(C=C1)C1=NN=NN1)[N+]([O-])=O,9.442065,484.65
CCOC(C1=NN=NN1CCN2C(C(OCC)=O)=NN=N2)=O,63.923122,485.15
NC1=NN(N)N=C1[N+]([O-])=O,76.08335,485.25
[O-][N+](=O)C1=CC=CC(=C1)N=C=O,21.602812,486.15
NN1C(CN2N=C([N+]([O-])=O)C([N+]([O-])=O)=C2[N+]([O-])=O)=NN=C1CN3N=C([N+]([O-])=O)C([N+]([O-])=O)=C3[N+]([O-])=O,74.7948,486.15
O([N+](=O)[O-])CC(CO[N+](=O)[O-])(CO[N+](=O)[O-])CO[N+](=O)[O-],62.39601,486.2
[O-][N+](=O)C1=C(NC2=NCCN2)C=C2CCCC2=C1,14.134445,486.65
NC1=C(NC(=O)C2=CC=C(NC(=O)COC3=CC=C(C=C3)[N+]([O-])=O)C=C2)C=CC=C1,15.007017,486.65
CN1C=C(\C=C\C2=CC=C(C=C2)[N+]([O-])=O)C=C1C(O)=O,19.314568,486.65
CC1=NC(N2CCC(=CC2)C2=CC=CC=C2)=C(C(=O)N1)[N+]([O-])=O,20.672705,487.15
[O-][N+](=O)C(=[N+]=[N-])C1=CC=CC=C1,20.76698,487.65
NC1=C(C(C#N)=C(C(N)=C1[N+]([O-])=O)[N+]([O-])=O)[N+]([O-])=O,9.820393,487.65
CCCCNC1=NC2=C(N1CC1=CC=C(C=C1)C1=C(C=CC=C1)C1=NN=NN1)C(=CC=C2)C(O)=O,20.567833,487.65
CC1=NN=NN1C1=C(C=CN=C1)C(O)=O,9.144917,487.65
OC(=O)CON1C(=O)C(=O)NC2=C1C1=C(CC2)CCC(=C1)N1C=CC(CNC(=O)NC2=CC=C(C=C2)[N+]([O-])=O)=C1,19.450813,488.15
CCOC(=O)NN=CC1=CN(N=C1C1=CC=C(O1)[N+]([O-])=O)C1=NC=CC=C1,29.472397,488.65
CC1=CC=C(CC2=CN=C(N[N+]([O-])=O)NC2=O)C=N1,26.880795,488.65
OC(=O)CC1=CC2=C(OC(=C2C2=CC3=CC=CC=C3C=C2)[N+]([O-])=O)C=C1,15.740434,488.65
COC1=C(C=C2C(NC3=CC(=CC=C3)C#C)=NC=NC2=C1)[N+]([O-])=O,6.2912407,488.65
N#CC1=CC=C(C=C1)N1N=NC(=N1)C1=CC=C(C=C1)C#N,18.984077,489.15
[N-]=[N+]=NC(=O)C1=CC=CC=C1,17.061684,489.65
CCCCC1=NC2=C(C(NCC2)C(O)=O)N1CC1=CC=C(C=C1)C1=C(C=CC=C1)C1=NN=NN1,24.264751,489.65
OC(=O)C1=CC=CC2=C1N(CC1=CC=C(C=C1)C1=C(C=CC=C1)C1=NN=NN1)C(=N2)N1CCCCC1,20.644363,489.65
O=C(NC1=CC=CC=C1)C1=NN=NN1,27.94284,490.15
O=[N+](C1=NNC=N1)[O-],80.65288,490.15
NC1=NN=C(N2N)N1N=C2C3=NON=C3N,74.28141,490.15
[O-][N+](=O)c1c(N([N+](=O)[O-])C)c([N+](=O)[O-])cc([N+](=O)[O-])c1,62.600925,490.2
COC1=C(C=NNC(NN=CC2=C(OC)C=C(C=C2)[N+]([O-])=O)=NN=CC2=C(OC)C=C(C=C2)[N+]([O-])=O)C=CC(=C1)[N+]([O-])=O,12.89093,490.65
CCC1=CC(=NC=C1)C(=O)NC1=NN=NN1,25.948593,490.65
CC(=O)C1=C(O)C(C)=C2OC(C)(COC3=CC=C(C=C3)[N+]([O-])=O)CC(=O)C2=C1,6.8564186,490.65
OCC1=C(C#N)C(C2=CNN=C2N1)C1=CC=CC2=NON=C12,32.970154,490.65
CN1N=NC(NC(=O)C(C2=CC=CC=C2)C2=CC=CC=C2)=N1,35.326946,491.15
COC1=CC(OC)=C(\C=C\C(=O)C2=CC=C(C=C2)C(O)=O)C=C1C1=NNN=N1,9.89523,491.15
CCOC(=O)NN=CC1=CN(C)N=C1C1=CC=C(O1)[N+]([O-])=O,60.24591,491.35
CCCCC1=CC(=NC=C1)C(=O)NC1=NN=NN1,26.528046,491.65
O=C(OCC1=CC=CC=C1)N1CC2=C(CC1C1=NN=NN1)C1=CC=CC=C1N2,27.244577,491.65
[O-][N+](=O)C1C(=O)C2=CC=C(OCCCOC3=CC=CC=C3)C=C2C1=O,23.086376,492.15
CC1=NNC(C(N)=O)=C1[N+]([O-])=O,72.25688,492.15
CCCC1=CC=CC(=N1)C(=O)NC1=NN=NN1,23.677692,492.15
CC1=NC2=CC=NN2C(NCC2=CC=C(C=C2)C2=C(C=CC=C2)C2=NN=NN2)=C1,24.264751,492.15
CCC1C2=C(C=C(OC)C(OC)=C2)C(C=CC2=CC=C(C=C2)[N+]([O-])=O)=NN=C1C,9.282957,492.15
CC1=NC(N2CCC3=C(CC2)C=C(N)C=C3)=C(C(=O)N1)[N+]([O-])=O,10.959705,492.15
C1(NC2=NON=C2/N=N\C3=NON=C3NC4=NN=CN=N4)=NN=CN=N1,79.047554,492.15
O=C(CN1N=NC(CCC2=NN(CC(O)=O)N=N2)=N1)O,67.53401,492.15
NC1=NOC(C2=[N+]([O-])ON=C2N)=N1,76.35404,492.15
O=[N+](/C([N+]([O-])=O)=C1NCCN/1)[O-],70.653564,492.94
CC1=CC=C2N3N=NN=C3C3=NN=NN3C2=C1,5.148194,493.15
CC1=C(C(C2=C(C=CC=C2)[N+]([O-])=O)C2=C(N1)C=CNC2=O)C(O)=O,14.599104,493.15
CC1=C(CNC2=NCCN2)C(=NC(=N1)C1=CC=CC=C1)C1=CC(=CC=C1)[N+]([O-])=O,20.861343,493.15
OCCN(CCO)C1=CC=C(C=CC=CC=CC2=CC=C(C=C2)[N+]([O-])=O)C=C1,18.47419,493.15
NC1=CC(N=[N+]=[N-])=NC=C1,32.137165,493.15
OC(=O)CN1C(=O)C(=O)NC2=C1C1=C(CC2)CCC(=C1)N1C=CC(=C1)C(=O)NCC1=CC=C(C=C1)[N+]([O-])=O,18.993582,493.15
[O-][N+](=O)C1=CC=C2NC3=C4NC=CC4=CC=C3C2=C1,18.882904,493.15
[O-][N+]1=NC2=NN=C([N+]([O-])=O)N2N=C1N,77.68529,493.15
O=[N+](C1=C([N+]([O-])=O)C([N+]([O-])=O)=C([N+]([O-])=O)C=C1[N+]([O-])=O)[O-],9.864639,493.15
O=[N+](N1C(N2[N+]([O-])=O)C3N([N+]([O-])=O)C1C4N([N+]([O-])=O)C(N3CC([N+]([O-])=O)([N+]([O-])=O)[N+]([O-])=O)C2N4[N+]([O-])=O)[O-],65.86997,493.15
O=C(NC1=NN=NN1)C1=NC(CCC2=CC=CC=C2)=CC=C1,23.682236,493.65
COC1=C(O)C(=CC(=C1)C(=O)C1=CC2=CC=CC=C2N=C1)[N+]([O-])=O,10.770203,493.65
CC(N)C(=O)N1N=C(C2=CC=C(C=C2)[N+]([O-])=O)C2=C(CC1C)C=C1OCOC1=C2,15.190771,493.65
COC1=C(O)C(=CC(=C1)C1=NC2=CC=CC=C2C=C1C(=O)C1=CC2=CC=CC=C2N=C1C1=CC(OC)=C(O)C(=C1)[N+]([O-])=O)[N+]([O-])=O,9.83547,493.65
[O-][N+](=O)C1=C2C(=O)OC(=O)NC2=CC=C1,8.807474,494.15
CCC1=NC2=CC=NN2C(NC2=CC=C(C=C2)C(C2=NN=NN2)C2=CC=CC=C2)=C1,21.15453,494.15
NC(N1N[N+]([O-])=O)=NN=C1C2=NNN=C2[N+]([O-])=O,71.65506,494.15
NC(=O)C1=C2NC(=O)C=CC2=C2OC(CN=[N+]=[N-])CC2=C1,9.144079,494.65
CCCCC1=NC=C2N1C(CC=C2CC(=O)OC(C)(C)C)C1=CC=C(C=C1)C1=C(C=CC=C1)C1=NN=NN1,22.345638,495.15
NN=CC1=NN=C(C2=CC=C(C=C2)[N+]([O-])=O)C2=C(C1)C=C1OCOC1=C2,15.49329,495.15
NC1=CC=C(NC(=O)NC2=CC=C(C=C2)[N+]([O-])=O)C=C1,19.450813,495.15
COC1=CC=C(C=C1)N=NC1=CC(C(=O)NCC2=NN=NN2)=C(O)C=C1,5.736626,495.65
CC(C)C1=C(C#N)C(C2=CNN=C2N1)C1=CC=CC2=NON=C12,32.949783,495.65
OC1=C(CN2CCNC2=O)C=C(C=C1)[N+]([O-])=O,14.864012,496.15
CC1CC2=C(C=C3OCOC3=C2)C(=NN1C(=O)C1=CC=CC=C1)C1=CC=C(C=C1)[N+]([O-])=O,15.15497,496.15
CN(CCC1=CC=C(C=C1)[N+]([O-])=O)CC1=CC=CC=C1,19.09063,496.15
CC(C)(C)C1=CC=C(C=C1)C1=NC(C(O)=O)=C(N1)C1=CC=C(C=C1)[N+]([O-])=O,19.380262,496.15
CC1=CC=C(C(C[C@H](NC(N)=O)C(O)=O)=C1C)[N+]([O-])=O,10.63483,496.65
CC1=CC(CC2NC(=O)NC2=O)=C(C=C1)[N+]([O-])=O,8.316931,496.65
C(OC1=CC(OCC2=NC3=CC=CC=C3C=C2)=CC=C1)C1=CC2=C(C=C1)N=C(O2)C1=NN=NN1,14.873255,497.15
NC1=NC([N+]([O-])=O)=NN1CN([N+]([O-])=O)C,76.788246,497.15
[O-][N+](/N=C(N([H])[H])\N([H])[H])=O,72.861145,497.15
CCC1=NC2=CC=NN2C(=C1)N(CC(O)=O)CC1=CC=C(C=C1)C1=C(C=CC=C1)C1=NN=NN1,24.264751,497.65
CC1=CC=CC(C)=C1NC(=O)NC1=NN=NN1CC1=CC=CC=C1,19.500402,498.15
O=C1N(CN2N=NC(=N2)C2=CC(=NC=C2)C2=NN(CN3C(=O)C4=CC=CC=C4C3=O)N=N2)C(=O)C2=CC=CC=C12,23.857157,498.15
NC1=NC(N)=C([N+]([O-])=O)N=N1,48.983116,498.15
O=[N+](C(C=C1[N+]([O-])=O)=NN1C2=NON=C2[N+]([O-])=O)[O-],80.5446,498.15
CC1=C(C(O)=O)C(O)=C(C=C1[N+]([O-])=O)C(C)(C)C,11.518469,498.65
CC1=C(CC2NC(=O)NC2=O)C(=CC=C1)[N+]([O-])=O,13.758179,498.65
CN1C=C(C(=O)NN=CC2=CC=C(O2)[N+]([O-])=O)C(=N1)[N+]([O-])=O,69.33594,499.15
NC1=C(C(NCCO)=C(C(NCCO)=C1[N+]([O-])=O)[N+]([O-])=O)[N+]([O-])=O,13.312021,499.15
C(N1C=CC2=C(C=CC=C12)C1=NN=NN1)C1=CC=CC=C1,27.82306,499.15
COC1=C(C=C(C)C=C1[N+]([O-])=O)[N+]([O-])=O,13.68235,499.15
[O-]C1=C([N+]#N)C([N+]([O-])=O)=NN1CN2C([O-])=C([N+]#N)C([N+]([O-])=O)=N2,77.69323,499.15
CCCCCC1=C(OC2=C1C=CC=C2)C1=C2C=CC=NC2=C(OCC2=NN=NN2)C=C1,9.169657,500.15
CN1C2=C(C=CC=C2)N(C2=CC=CC=C2)C(=O)C(NC(=O)NC2=CC(=CC=C2)C2=NN=NN2)C1=O,15.572685,500.65
OC1=CC(=NN1)C1=CC(=C(O)C(O)=C1)[N+]([O-])=O,10.778589,501.15
CCN1N=NC(NC(=O)C2C3=CC=CC=C3OC3=C2C=CC=C3)=N1,15.831569,501.15
CC1=CC=CN=C1C(=O)NC1=NN=NN1,17.514963,501.65
CCOC1=CC(=NC(=C1)C1=CC=C(C=C1)N(CC)CC)C(=O)NC1=NN=NN1,19.770447,502.15
CCCCN1C(CC2=CC=C(C=C2)C2=C(C=CC=C2)C2=NNN=N2)=C(C(O)=O)C2=CC=CC=C12,24.934204,502.15
CCC1=C(C#N)C(C2=CNN=C2N1)C1=C(C=CC=C1)[N+]([O-])=O,11.96902,502.15
O=[N+](C1=NON=C1NC(N=N2)=NN3C2=NN=C3)[O-],80.888214,502.25
[O-][N+](=O)C1=CC=C(O1)C1=NN(C=C1C=NNC1=NC=CC=C1)C1=CC=CC=C1,24.54022,502.65
CCCCC1=NC2=C(N1CC1=CC=C(C=C1)N1C=CC(=C1)C1=NN=NN1)C(=CC=C2)C(=O)OC,19.412518,502.65
C[C@@H]1CC2=C(C(=O)CC[C@]2(C)[C@H]2CC[C@]3(C)[C@H](O)CC[C@H]3[C@H]12)[N+]([O-])=O,64.46605,502.65
CC(C)C1=NC(N)=C2C(=NN(C)C2=N1)C1=CC=C(O1)[N+]([O-])=O,64.923996,503.15
CC1=CC=C2N(O)C(=O)C=CC2=C1[N+]([O-])=O,5.006858,503.15
[O-][N+](=O)C1=CC=C(C=C1)C1=CNC(=N1)C#N,19.406776,503.15
OC(=O)C1=C(C=C(O)C=C1)[N+]([O-])=O,3.1001055,503.15
COC1=CC(=CC2=C1C(=O)C1=C(OC)C=CC(=C1C2=O)[N+]([O-])=O)C(O)=O,11.910608,503.15
OC1=C(CCCOC2=CC=CN=C2OC2=CC(=CC=C2)C2=NN=NN2)C=CN=C1,19.858059,503.15
CC(=O)C1=C(C#N)C(C2=CNN=C2N1)C1=CC=CC2=NON=C12,32.95856,503.15
CC(=O)NCC(NC(C)=O)C1=CC=C(C=C1)[N+]([O-])=O,18.455696,503.65
CCOCCOC1=CC(C=C2NC(=O)NC2=O)=C(C=C1)[N+]([O-])=O,8.422944,503.65
[O-][N+](=O)C1=CN2CC3(CCN(CC3)C(=O)NC3=CC=CC=C3)OC2=N1,27.73933,503.65
O=C1C=CC(=NN1CCC1=NN=NN1)C1=C2C=CC=CN2N=C1C1=CC=CC=C1,25.737309,504.15
C=CCOC1=C(C=CC=C1)C1=NC=C(C2=NN=NN2)C(=O)N1,13.975382,504.35
C(N1C=CN=C1CC1=NN=NN1)C1=CC=CC=C1,27.844421,505.15
CCCC(=O)C1=CC(C)=CC(NC(=O)C2=NN=NN2)=C1O,6.9350047,505.15
CC1=CC=CC(C)=C1NC(=O)NC1=NN(CC2=CC=CC=C2)N=N1,19.501945,505.65
[O-][N+](=O)C1=CC=C(CCN2CC[C@@H]3[C@H](CCC4=C3C=CC=C4)C2)C=C1,17.41616,505.65
[O-][N+](=O)C1=CC=C(NC(=O)OCC2=CC=CN=C2)C=C1,19.375912,506.15
OC1=C(C=CN=N1)C(=O)OC1=CC=C(C=C1)[N+]([O-])=O,14.726099,506.15
[O-][N+](=O)C1=C(C=C2NC(=O)NC2=O)C=C(C=C1)N1CCN(CC1)C1=CC=CC=C1,9.401203,506.15
CCCC1=NC(CO)=C(N1CC1=CC=C(C=C1)C1=C(C=CC=C1)C1=NN=NN1)C(O)=O,24.264751,506.15
ON=CC1=CNN=C1C1=CC=C(O1)[N+]([O-])=O,68.90518,507.15
NC1=NN=NN1CCN(N=N2)N=C2[N+]([O-])=O,64.7813,507.15
ON=CC1=CN(N=C1C1=CC=C(O1)[N+]([O-])=O)C1=CC=CN=C1,25.811388,507.35
CC1=CC(NCCCC[C@H](N)C(O)=O)=C(C=C1)[N+]([O-])=O,7.9502277,507.65
OC1=C(C=C(C=C1[N+]([O-])=O)[N+]([O-])=O)C(=O)NC1=NN=NN1,7.5282125,508.15
ON1C(=O)C(=O)NC2=CC(=C(C=C12)C1=NC=CN1)[N+]([O-])=O,5.2283616,508.15
O=[N+](C1([N+]([O-])=O)[C@@H]2N([N+]([O-])=O)[C@H]3C([N+]([O-])=O)([N+]([O-])=O)[C@H](N([N+]([O-])=O)[C@@H]1C3)C2)[O-],73.83613,508.15
[O-][N+](=O)C1=C(C=CC=C1)C1=NNC2=C1C(=O)CCC2,12.985661,509.15
OC1=CC2=NN=NN2C2=NC=CC=C12,14.784023,509.15
[O-]C1=N[N+](C2=CC=C([N+]([O-])=O)C=C2)=NO1,19.491957,509.15
CC(=O)C1=C(O)C(=C(C)NC2=CC(=C(O)C=C2)[N+]([O-])=O)C(=O)OC1=O,9.911844,509.65
COC(=O)C1(C(=O)OC)C(=O)NC2=CC(=CC=C12)[N+]([O-])=O,20.018255,509.65
CN1CCC(CC1)C1=CNC2=CC=C(NC(=O)C3=CC=C(C=C3)[N+]([O-])=O)N=C12,15.037901,510.05
COC1=C(C=NNC(=N)NN=CC2=C(OC)C=C(C=C2)[N+]([O-])=O)C=CC(=C1)[N+]([O-])=O,12.878928,510.15
CN1C=C(C=NNC2=CC3=CC=CC=C3N=C2)C(=N1)C1=CC=C(O1)[N+]([O-])=O,11.513864,510.15
OC1=C(C=CC=C1[N+]([O-])=O)C(=O)NC1=NN=NN1,8.981968,510.15
CNC(C(O)=O)C1=CC=CC2=C1OC(=C2C1=CC=CC=C1)[N+]([O-])=O,26.549192,510.15
CCCC1=C(OCC2=CC=CN3C(=O)C(CCC4=NN=NN4)=CN=C23)C=CC(C(C)=O)=C1O,7.6909146,510.65
CCN(CC)C=CC1=C(C2=C(C=C1)C(=O)C1=CC=CC=C1C2=O)[N+]([O-])=O,11.5522175,511.15
CC1=C(C(C2=CC(=CC=C2)[N+]([O-])=O)C(=C(C)N1)[N+]([O-])=O)[N+]([O-])=O,23.369244,511.65
CCCOC1=CC(=NC(=C1)C1=CC=C(N)C=C1)C(=O)NC1=NN=NN1,19.994347,511.65
CC1=C(C=C2NC(=O)NC2=O)C(=CC=C1)[N+]([O-])=O,12.819095,511.65
O=C1NCCN1C1=CC=C(C=C1)N1C=NN=N1,19.161129,511.65
C(OC1=CC2=CC=C(C=C2C=C1)C1=CC=C(N1)C1=CC=CC=C1)C1=NN=NN1,3.6052332,511.65
OC(=O)C1=C(NC(=O)C2=C(C=CC=C2)[N+]([O-])=O)C=CC=C1,6.5358357,511.65
COC(=O)C1=C(C)NC(C)=C(C1C1=CC(=CC=C1)[N+]([O-])=O)C(=O)OC(CN1CCCCC1)C1=CC=CC=C1,23.303366,512.15
CN(C)NC(=O)C1=NC(NC(=O)C2=NC(=CN2C)[N+]([O-])=O)=CN1C,73.80478,512.15
CCN1N=NC(NC(=O)C2C3=CC=CC=C3OC3=C2C=CC=C3OC)=N1,11.6453,512.65
COC(=O)C1=CC2=C3C(CO)CN(C(=O)C4=CC5=CC(OC)=C(OC)C(OC)=C5N4)C3=CC(=C2N1)[N+]([O-])=O,23.037174,512.95
[O-][N+](=O)C1=CC=C(C=CC(=O)OC2=CC=CC=C2)C=C1,19.28339,513.15
NC1=C(C(NCCO)=C(C(N)=C1[N+]([O-])=O)[N+]([O-])=O)[N+]([O-])=O,12.047222,513.15
COC1=C(O)C(=CC(=C1)C1=NN=NN1)[N+]([O-])=O,12.2010975,513.15
OC1=CC(=CC(=C1O)[N+]([O-])=O)C1=NN=NN1,10.417358,513.15
OC1=C(O)C(=CC(=C1)C1=CC(=O)C2=C(O1)C=CC=C2)[N+]([O-])=O,10.297244,513.15
CC(C)C1=NC=CN1C1=C(C=C2NC(=O)C3=NNC(=O)N3C2=C1)[N+]([O-])=O,1.7323225,513.15
[O-][N+](=O)C1=C(C=C2NC(=O)C(=O)NC2=C1)N1C=CC(CNC(=O)NC2=CC=NC=C2)=C1,3.5211978,513.15
CC(C)CC(CN)C1=NN=NN1,55.94539,513.15
C(OC1=C2N=CC=CC2=C(C=C1)C1=CC2=C(O1)C=CC=C2)C1=NN=NN1,9.760578,513.15
N1N=NN=C1C1=CC=CN=C1,23.907124,513.15
C1[C@@H]2CCCC[C@@H]2N[C@@H]1C1=NN=NN1,70.29859,513.15
CCC1=CC(NC(=O)C2=NN=NN2)=C(O)C(=C1)C(C)=O,9.390676,513.65
O=[N+](N1CN([N+]([O-])=O)CN([N+]([O-])=O)C1)[O-],62.753807,514
CCCOC1=C(C=C(C=C1)[N+]([O-])=O)C1=NC(=O)C2=NN=NC2=N1,11.330735,514.15
CC1=C(C)N=C(C=C1)C(=O)NC1=NN=NN1,18.38051,514.15
CC(C)OC1=C(OC(C)=C1)C(=O)NC1=NN=NN1,65.74023,514.15
OCC1=CNC(=N1)C1=C(C=C2NC(=O)C(=NC2=C1)C(O)=O)[N+]([O-])=O,5.02553,514.15
NC(C([N+]([O-])=O)=NN1N)=C1[N+]([O-])=O,76.31558,514.15
CC1=NC(C(O)=O)=C2CN=C(C3=CC=CC=C3)C3=C(C=CC(=C3)[N+]([O-])=O)N12,4.92196,514.65
OC1=C(C(=O)NC2=C1CCCC2)[N+]([O-])=O,11.278997,515.15
NN1C2=C([N+]([O-])=O)C([N+]([O-])=O)=NN2CN3N=C([N+]([O-])=O)C([N+]([O-])=O)=C13,70.0591,515.15
O=C1N/C(N([H])C2=NNN=C21)=N/[N+]([O-])=O,68.387085,515.15
O=[N+](/N=C(N1)\NN=C1CC(N/2)=NNC2=N/[N+]([O-])=O)[O-],69.06886,515.15
O=C1N(/C(N(C2=NN([H])N=C21)[H])=N/[N+]([O-])=O)[H],68.387085,515.15
COC1=CC(=NC=C1)C(=O)NC1=NN=NN1,21.661953,515.65
CCN(CC)CCC(=O)N1CCC2=C(C1)C1=C(NC(=O)C(=O)N1)C=C2[N+]([O-])=O,7.805401,515.65
CNC(=O)N1N=C(C2=CC=C(C=C2)[N+]([O-])=O)C2=C(CC1CO)C=C1OCOC1=C2,15.089281,515.65
[O-][N+](=O)N1CN(CC2(C1)CN(CN(C2)[N+]([O-])=O)[N+]([O-])=O)[N+]([O-])=O,68.61018,516.15
COC1=CC2=C(CCN(CC2)C2=C(C(=O)NC(C)=N2)[N+]([O-])=O)C=C1,11.2463455,516.15
CN1C(=O)C2CC3=C(C=C4OCOC4=C3)C(=NN2C1=O)C1=CC=C(C=C1)[N+]([O-])=O,15.535804,516.15
OC(=O)C1=CC(=CC(NC(=O)NC2=CC=C(C=C2)[N+]([O-])=O)=C1)C(O)=O,19.450813,517.15
N/C(NC)=C([N+]([O-])=O)/[N+]([O-])=O,73.413956,517.61
OC(=O)C1=C(C=CC(=C1)[N+]([O-])=O)N1CCCC1,6.407531,518.15
O=C1C=C(OC2=C1N(C1=C2C=CC=C1)C1=CC=CC=C1)C1=NN=NN1,23.070564,518.15
[O-][N+](=O)C1=CC=C(C=NNC2=CC=C(N=N2)N2CCOCC2)C=C1,19.633211,518.15
CC(C)(O)CNC1=C(C=NC2=CC=CC=C12)[N+]([O-])=O,9.785463,518.15
NC1=NON=C1N2N=C([N+]([O-])=O)C=C2[N+]([O-])=O,76.50662,518.15
[O-][N+](=O)C1([N+](=O)[O-])CN([N+](=O)[O-])C1,62.723747,518.4
CN(C)C1=CC=C(NC(=O)N2CCC3(CN4C=C(N=C4O3)[N+]([O-])=O)CC2)C=C1,19.328436,518.65
NC1=C(C=C(C(C2=C(C(NCCO)=C(C=C2[N+]([O-])=O)[N+]([O-])=O)[N+]([O-])=O)=C1[N+]([O-])=O)[N+]([O-])=O)[N+]([O-])=O,12.343725,519.15
CN=CC1=NN=C(C2=CC=C(C=C2)[N+]([O-])=O)C2=C(C1)C=C1OCOC1=C2,15.485769,519.15
NC1=NON=C1C2=NN=C(N)O2,72.44595,519.15
NC(=O)CC1NCCC2=CC=C(C=C12)[N+]([O-])=O,12.434251,519.65
CC(C)COC1=C(C=C(C=C1)C1=NC2=C(N1)C=CC=C2O)[N+]([O-])=O,6.398698,519.65
CC1=CC(=NC(C)=C1)C(=O)NC1=NN=NN1,32.38834,520.65
CC1=C(C(O)=O)C(=NC(=N1)C1=CC=CC=C1)C1=CC=C(C=C1)[N+]([O-])=O,19.74741,520.65
CC1CCN(CC1)C1=CN=CC(=N1)C(=O)NC1=NN=NN1,31.77996,520.65
O=C1C2=C(COC3=C1C=C(C=C3)C1=NN=NN1)C=CC=C2,10.48958,521.15
OC1=CC2=NN=NN2C2=CC=CC=C12,13.113867,521.15
O=[N+](NC1=NON=C1C2=NN=C(N=NC3=NN=C(C4=NON=C4N[N+]([O-])=O)O3)O2)[O-],70.432915,521.15
[O-][N+](=O)C1=CC=C2C(NC=C2C2=CCNCC2)=C1,18.046507,521.65
COC1=CC=CC(NC(=O)C2=NN=NN2)=C1C(N)=O,12.69054,522.15
NC(=O)NN=CC1=CC=CC2=C1OC(=C2C1=CC=CC=C1)[N+]([O-])=O,26.527876,522.15
CC(=O)NC1=CC=C2C(C(=O)NC(=O)C2(C)C)=C1[N+]([O-])=O,13.202057,522.15
[O-][N+](=O)C1=NC(CCC2=CNC(=N2)[N+]([O-])=O)=CN1,70.93548,522.15
[O-][N+](=O)C1=NC=CN1C=C,74.0706,522.15
CC1(C)CC(=O)C2=C(C1)NC1=C(C2C2=CC=C(O2)[N+]([O-])=O)C(=O)CC(C)(C)C1,68.10593,522.15
NC1=NOC(C2=NON=C2N)=N1,76.50764,522.15
COC1=C(OC)C=C2C(C=C(CO)C(CO)=C2C2=CC(=NC=C2)N2C=C(C=CC2=O)[N+]([O-])=O)=C1,-8.030231,522.65
CC(C)(NC1=C(C(O)=NC(N)=N1)[N+]([O-])=O)C(COC1=CC=CC=C1)=NO,24.810436,523.15
CCC(CC)(NC1=C(C(O)=NC(N)=N1)[N+]([O-])=O)C(CO)=NO,32.18819,523.15
COC1=CC=C(C=C[N+]([O-])=O)C2=C1NC(=O)N2,38.296055,523.15
OC1=CC(C=CC2=CC=NC3=CC=CC=C23)=CC(=C1O)[N+]([O-])=O,10.738356,523.15
[O-][N+](=O)C1=C2N(C=N1)C(=O)C1=C(N=CN1C2=O)[N+]([O-])=O,62.044693,523.15
COCCN(N1N=NC(=N1)C1=CN=C(C=C1)C1=NN(N=N1)N(CCOC)C(C)=O)C(C)=O,23.276455,523.15
[O-][N+](=O)C1=C(C=C2N3C(=O)NN=C3C(=O)NC2=C1)N1CCOCC1,-0.83052456,523.15
[O-][N+](=O)C1=CC=C(C=C1)C1=NN2C(COC2=O)CC2=C1C=C1OCOC1=C2,15.361013,523.15
CC1=C(C(=O)NCC(O)=O)C2=C(NC(=O)C(=O)N2)C=C1[N+]([O-])=O,12.124609,523.15
CC1=NC(N2CCC(O)(CC2)C2=CC=CC=C2)=C(C(=O)N1)[N+]([O-])=O,20.556765,523.15
CC1=NC(N2CCN(CC2)C2=CC=CC=C2)=C(C(=O)N1)[N+]([O-])=O,17.141548,523.15
[O-][N+](=O)C1=CC=C(C=C1)C1=CC2=CC(=CC=C2OC1=O)[N+]([O-])=O,5.52435,523.15
CC1=CC(=CC(C)=C1)C1=C2N=CC=C(N2N=C1)C1=CC(=CC=C1)C1=NN=NN1,22.896034,523.15
O=[N+](C1=C([N+]([O-])=O)C([N+]([O-])=O)=NN1CCN2N=C([N+]([O-])=O)C([N+]([O-])=O)=C2[N+]([O-])=O)[O-],64.17421,523.15
O=[N+](N(CN1C([N+]([O-])=O)=CC([N+]([O-])=O)=N1)CN2C([N+]([O-])=O)=CC([N+]([O-])=O)=N2)[O-],79.504364,523.15
O=[N+](C1=CC2=C(N/C(N2)=N/[N+]([O-])=O)C=C1[N+]([O-])=O)[O-],6.369117,523.15
CC1=C([N+]([O-])=O)C=C([N+]([O-])=O)C=C1[N+]([O-])=O,65.01178,523.2
CCCC1=C(OCC2=CC=CN3C(=O)C(CC4=NN=NN4)=CN=C23)C=CC(C(C)=O)=C1O,7.6909146,523.65
O=[N+]([O-])C1=C([H])C([N+]([O-])=O)=C([H])C([N+]([O-])=O)=C1C([H])([H])[H],16.134659,523.95
CC(C)(C)CN1C(=O)C(=O)NC2=CC(=C(C=C12)N1C=CC(C=NO)=C1)[N+]([O-])=O,2.4565637,524.15
O=[N+](C1=NNC(C2=NC([N+]([O-])=O)=NN2)=N1)[O-],79.67209,524.15
CC1(CN2C=NC3=C2C=CC=C3)CN2C=C(N=C2O1)[N+]([O-])=O,28.92051,524.25
CCCOC1=C(C=C(N)C=C1)C1=NC=C(C2=NN=NN2)C(=O)N1,7.584236,524.65
CNC1=CC=C(C=C1)C1=CC(OC)=CC(=N1)C(=O)NC1=NN=NN1,20.965363,524.65
COC1=CC(=NC(=C1)C1=CC=C(N)C=C1)C(=O)NC1=NN=NN1,19.993683,525.15
NN1N=C([N+]([O-])=O)C([N+]([O-])=O)=C1C2=C([N+]([O-])=O)C([N+]([O-])=O)=NN2N,73.84716,525.15
O=[N+](C1=C(N([H])C2=NN=NN2[H])N=C([H])C([N+]([O-])=O)=C1[H])[O-],24.956083,525.15
[O-][N+](=O)NC(=N)N,61.618816,525.2
[O-][N+](=O)C1=CC=C(C=C2NC(=O)NC2=O)C=C1,19.715862,525.65
COC1=CC=CC(=N1)C(=O)NC1=NN=NN1,22.70373,525.65
CN1N=C(C)C(NC2=C(C=CC=C2)[N+]([O-])=O)=C1C(O)=O,14.409628,526.65
[H]N1N=C([N+]([O-])=O)N([H])C1=O,80.43389,526.95
NC1=C2C(=O)CCCC2=NC2=CC=C(C=C12)[N+]([O-])=O,7.337089,527.15
CCCCC1=NC2=C(N1CC1=CC=C3C(=O)N(C=NC3=C1)C1=C(C=CC=C1)C1=NN=NN1)C(=CC=C2)C(O)=O,9.366916,527.15
NN1C(N)=C([N+]([O-])=O)C([N+]([O-])=O)=N1,75.611145,527.15
CCN1C2=C(C=CC=C2)C2=C1C(=O)C=C(O2)C1=NN=NN1,28.090128,528.15
CCN(CC)C1=CC=C(C=C1)C1=CC(C)=CC(=N1)C(=O)NC1=NN=NN1,19.770458,528.15
CCOC(=O)C1CC2=C(CN1)NC1=CC(=CC=C21)[N+]([O-])=O,17.947567,528.15
COC1=CC(=NC(C)=C1)C(=O)NC1=NN=NN1,24.80848,528.15
NC1=C(C=C2OCOC2=C1)C(=O)NC1=NN=NN1,9.466578,528.15
COC1=CC(=C2N=CC=C(C)C2=C1O)[N+]([O-])=O,14.711975,528.15
CC1=C2CCCCC2=C(C(=O)N1)[N+]([O-])=O,12.548399,528.15
CC1=NN=C(C2=CC=C(C=C2)[N+]([O-])=O)C2=C(C1)C=C(O)C(O)=C2,4.6586704,528.15
[H]N1N=NN=C1C2=NON=C2/N=N/C3=NON=C3C4=NN=NN4,78.85358,528.15
CCCOC1=C(C=C(C=C1)C1=NN=NN1)C1=NC(=O)C2=NN=NC2=N1,10.921278,529.15
CCNC1=CC=C(C=C1)C1=CC(OCC)=CC(=N1)C(=O)NC1=NN=NN1,20.780512,529.15
O=C1N2CCCC2OC2=CC3=C(C=C12)N=NN(CC1=CC2=NON=C2C=C1)C3=O,8.62829,529.15
NC1=NC(N2N=C([N+]([O-])=O)C=C2[N+]([O-])=O)=NN1,76.84679,529.15
CCCOC1=C(C=CC=C1)C1=NC=C(C2=NN=NN2)C(=O)N1,14.127193,529.65
CN1C2=C(C=C(C)C=C2)C2=C1C(=O)C=C(O2)C1=NN=NN1,28.20832,530.15
CC(=O)C1=CC(C)=CC(NC(=O)C2=NN=NN2)=C1O,8.23268,530.15
NC(C([N+]([O-])=O)=NN1CCN2N=NN=C2N)=C1[N+]([O-])=O,63.996513,530.15
CC(C)OC1=C(OC(C(=O)NC2=NN=NN2)=C1OC(C)C)C(=O)NC1=NN=NN1,65.618385,530.65
NC1=C2C=CC=C(C#N)C2=C(C=C1)[N+]([O-])=O,6.1382,530.65
[O-][N+](=O)C1=CC=C2C(=O)NC(=O)CC2=C1,12.965986,530.65
OC1CCCN(C1)C1=CN=CC(=N1)C(=O)NC1=NN=NN1,31.78809,531.15
CC1=CC(NCCC[C@@H](NC(=O)OC(C)(C)C)C(O)=O)=C(C=C1)[N+]([O-])=O,7.9436145,531.15
CC1=CC=CC(C(=O)NC2=NN=NN2)=C1N,9.134506,531.65
CC1=CC=C(O1)C=CC(=O)NC1=NN=NN1,69.55134,531.65
CC(=O)NC=C1NN2C(C=C1N)=NN=C2C1=CC=C(O1)[N+]([O-])=O,68.63716,532.15
[O-][N+](=O)C1=C(NN2C=CC3=CC=CC=C23)N=CN=C1NN1C=CC2=CC=CC=C12,28.621592,532.15
CC(=O)NC1=C(C2=C(C=C1C)N1CCC(O)C1=N2)[N+]([O-])=O,19.622135,532.15
CC1=C(NC2=NC=NC(=C2)C2=CN=CN=C2)C=C(C=C1)[N+]([O-])=O,13.130716,532.15
COC1=CC(=NC(=C1)C1=CC(N)=CC=C1)C(=O)NC1=NN=NN1,23.502039,532.65
CCN1N=NC(NC(=O)C2C3=CC=CC=C3OC3=C2C(OC)=CC=C3)=N1,15.689819,532.65
CC1=CC(=NC(=C1)C1=CC=C(N)C=C1)C(=O)NC1=NN=NN1,20.136597,533.15
[O-][N+](=O)C1=CC(=NC=C1)C(=O)NC1=NN=NN1,21.009949,533.15
CNC1=CN=CC(=N1)C(=O)NC1=NN=NN1,30.981995,533.15
CC1=CC2=CC=CC(C(O)=O)=C2N1CC1=CC=C(C=C1)C1=C(C=CC=C1)C1=NN=NN1,21.13842,533.15
CCCC1=NC=CN1C1=C(C=C2NC(=O)C3=NNC(=O)N3C2=C1)[N+]([O-])=O,1.4421507,533.15
OC1CCN(CC1)C1=CN=CC(=N1)C(=O)NC1=NN=NN1,31.77996,533.35
CC(=O)C1=CC(C2=NN=NN2)=C(O)C=C1,14.241284,533.65
COC1=C2N=CN(C3=NN=NN3)C(=O)C2=CC=C1,12.679182,533.65
CC1=C(C(=O)NC2=CC=C(C=C2)[N+]([O-])=O)C(=NO1)C(O)=O,19.414734,533.65
NC1=CC(=CN=C1N)[N+]([O-])=O,28.439034,534.15
[O-][N+](=O)C1=CN2CC3(CCN(CC3)C(=O)CN3CCN(CC3)C3=NC4=C(O3)C=CC=C4)OC2=N1,28.738335,534.65
O=C(NC1=NN=NN1)C1=NC(C=CC2=CC=CC=C2)=CC=C1,23.438246,534.95
CCCC1=C(OCC(O)COC2=CC=C3C(O)=C(C(=O)OC3=C2)[N+]([O-])=O)C=CC(C(C)=O)=C1O,7.431988,535.15
CC1=CC=CC(C(=O)NC2=NN=NN2)=C1[N+]([O-])=O,5.6824827,535.65
CCOC(=O)C1=C(O)C=C2C(C=CC3=C2OC(N)=C(C#N)C3C2=CC(=CC=C2)[N+]([O-])=O)=C1,-1.5691692,535.65
CC(C)(C)CN1C(=O)C(=O)NC2=CC(=C(C=C12)N1C=CC(C=O)=C1)[N+]([O-])=O,2.486136,536.15
NC1=CC=C(C(NC2=CC=C3NN=CC3=C2)=N1)[N+]([O-])=O,16.940773,536.15
COC1=CC2=C(C=C1OC)C1=NN=C3C=CC(=CC3=C1N(CCN(C)C)C2=O)[N+]([O-])=O,1.936638,536.15
OC(=O)C1=NC(=CC(O)=C1)C1=CC(=CC=C1)[N+]([O-])=O,23.07058,536.65
CC1=CC(NCCC[C@H](N)C(O)=O)=C(C=C1)[N+]([O-])=O,7.9484973,536.65
CCCOC1=NC2=C(N1CC1=CC=C(C=C1)C1=C(C=CC=C1)C1=NN=NN1)C(=CC=C2)C(O)=O,20.494505,536.65
CC(C)(C)NCC(O)COC1=C(C=C(C=C1)C1=NNC(=O)CC1)[N+]([O-])=O,7.1514134,537.15
CCN1C(=CC=CC2=C(C=C(C=C2)[N+]([O-])=O)C#N)C=CC2=CC=CC=C12,6.425741,537.15
CCOC1=CC(=NC(=C1)C1=CC=C(N)C=C1)C(=O)NC1=NN=NN1,19.994347,537.15
OCCNC1=C(C=C(C(C2=NN=C(O2)C2=C(C(NCCO)=C(C=C2[N+]([O-])=O)[N+]([O-])=O)[N+]([O-])=O)=C1[N+]([O-])=O)[N+]([O-])=O)[N+]([O-])=O,11.253338,537.15
CN([N+]([O-])=O)CN1C(N2C=C([N+]([O-])=O)C([N+]([O-])=O)=N2)=C([N+]([O-])=O)C=N1,78.64029,537.15
CC1=C(C)C(=C2C(=O)C3=C(NN=N3)C(=O)C2=C1)[N+]([O-])=O,11.769657,537.65
OC(=O)C1=CN(N=C1C1=CC=C(O1)[N+]([O-])=O)C1=CC=CC=C1,24.560637,537.95
[O-][N+](=O)C1=CC=CC(=C1)C(=O)OC1=CC=CC2=CC3=CC=CC(OC(=O)C4=CC(=CC=C4)[N+]([O-])=O)=C3C(OC(=O)C3=CC(=CC=C3)[N+]([O-])=O)=C12,9.881621,538.15
OCC1=CC=C2OC=C(C3=NN=NN3)C(=O)C2=C1,4.6751585,538.15
CN1C2=C(OC(=CC2=O)C(O)=O)C2=C1C(=CC(=C2)[N+]([O-])=O)[N+]([O-])=O,18.95441,538.15
CNC1=CC=C(C=C1)C1=CC=CC(=N1)C(=O)NC1=NN=NN1,20.980999,538.15
OC(=O)C1=CC=CC(=C1)C1=CC=C(C=C1)[N+]([O-])=O,15.831159,538.15
CC1(C)OC(=O)NC2=C1C=C(C=C2)C1=CC=C(N1)[N+]([O-])=O,16.745611,538.15
O=C(NC1=NN=NN1)C=CC1=CC=NC=C1,26.626015,538.65
COC1=CC=CC(C(=O)NC2=NN=NN2)=C1O,9.313937,539.15
NC(=O)C1=C([O-])N=C[NH+]1CC1=CC=C(C=C1)[N+]([O-])=O,18.601482,539.15
CC(C)C1=NC2=C(N1CC1=CC=C(C=C1)C1=C(C=CC=C1)C1=NN=NN1)C(=CC=C2)C(O)=O,20.809877,539.15
N1N=NN=C1C1=CC(=NC=C1)C1=NN=NN1,22.1713,539.15
COC1=CC2=C(NC(=O)CN(C2)C(C)=O)C=C1[N+]([O-])=O,4.222529,539.15
CN(C)C1=CC=C(C=C1)C1=CC(C)=CC(=N1)C(=O)NC1=NN=NN1,20.265915,540.15
COC1=C(C=CC(=C1)C(=O)C1=C(C)C(C(=O)OCC2=CC=CC=C2)=C2C=C(N)C=CN12)[N+]([O-])=O,8.8098545,540.15
N/C(N)=C([N+]([O-])=O)\C1=NC=NN1,71.5273,540.15
NN1C=NN=C1N2N=CC3=C2C=C([N+]([O-])=O)C=C3[N+]([O-])=O,24.878223,540.15
NN1C=NN=C1N(N=C2)C3=C2C([N+]([O-])=O)=CC([N+]([O-])=O)=C3,24.87822,540.15
CC1=C2N=CN(C3=NN=NN3)C(=O)C2=CC=C1,12.094791,541.15
O=C(NC1=NN=NN1)C1=NC=CC=C1,25.948711,541.95
CC(C)C1=CC(=NC(=C1)C1=CC=C(N)C=C1)C(=O)NC1=NN=NN1,19.71421,542.15
CN1C=C(C2=CC=CC=C12)C1=C(C(=O)NC1=O)C1=CN(CCCNC(N)=N[N+]([O-])=O)C2=CC=CC=C12,27.987625,542.15
COC1=CC2=C(CCN(CC2)C2=C(C(=O)NC(C)=N2)[N+]([O-])=O)C=C1OC,7.087865,542.15
[O-][N+](=O)C1=CC=CC(=C1)C1=C2CCNC(=O)C3=CC=CC(N1)=C23,21.71204,542.15
COC1=C(C=C(C=C1)[N+]([O-])=O)C1=CC2=C(C3=C(N2)C=CC(O)=C3)C2=C1C(=O)NC2=O,13.119185,542.15
CCCC1=C(OCC2=CC=CN3C(=O)C(=CN=C23)C2=NN=NN2)C=CC(C(C)=O)=C1O,7.6909146,542.65
CC1=NC(=CN1)C1=C(C=C2NC(=O)C(=NC2=C1)C(O)=O)[N+]([O-])=O,4.6279354,542.65
CC1CCC2=C3N1C=C(C(O)=O)C(=O)C3=CC=C2C1=NN=NN1,8.127493,543.15
COC1=CC(CC2=CN=C(N)N=C2N)=C2C=CC=NC2=C1[N+]([O-])=O,8.78105,543.15
NC1=CC=C(C=C1)C1=CC=CC(=N1)C(=O)NC1=NN=NN1,20.066893,543.65
COC1=CC(=NC(=C1)C1=CC(=CC=C1)[N+]([O-])=O)C(=O)NC1=NN=NN1,23.166656,543.95
CC1=CC(C)=C2C=C(C(=O)NC2=N1)[N+]([O-])=O,7.745579,544.15
CC(C)C1=CC(=NC(=C1)C1=CC=C(C=C1)[N+]([O-])=O)C(=O)NC1=NN=NN1,20.328396,544.15
CCC1=C(CC)C(=C2NC(=O)C(=O)NC2=C1)[N+]([O-])=O,13.87932,544.15
NN1C(C2=NC([N+]([O-])=O)=NN2N)=NC([N+]([O-])=O)=N1,74.66063,544.15
OC1=C(C=C(C=C1)[N+]([O-])=O)C(=O)NC1=NN=NN1,5.4927454,544.65
CN1C(C=NNC(N)=O)=NC=C1[N+]([O-])=O,68.69071,545.65
CNC1=CC=C(C=C1)C1=CC(C)=CC(=N1)C(=O)NC1=NN=NN1,21.14799,545.65
CCNC1=CN=CC(=N1)C(=O)NC1=NN=NN1,30.946701,545.95
CC(C)NC1=CN=CC(=N1)C(=O)NC1=NN=NN1,30.747683,546.15
CC(=O)N(N)C1=C(C=C(C=C1)C(O)=O)[N+]([O-])=O,9.145433,546.15
C(OC1=C2N=CC=CC2=C(C=C1)C1=C(C2=C(O1)C=CC=C2)C1=CC=CC=C1)C1=NN=NN1,8.886681,546.15
CC(C)(C)N1CC(COC2=CC(C=C3NC(=O)NC3=O)=C(C=C2)[N+]([O-])=O)OC1=O,8.42918,547.15
C(CN1C=CN=C1)CC1=CC=C(OCC2=COC(=N2)C2=CC=C(C=C2)C2=NN=NN2)C=C1,20.585934,547.15
NC1=CC=CC(=C1)C1=CC=CC(=N1)C(=O)NC1=NN=NN1,23.592896,547.65
[O-][N+](=O)C1=CN=C(C=C1)C(=O)NC1=NN=NN1,18.23948,547.65
CC1=NC(=CC(C2=CC(=CC=C2)[N+]([O-])=O)=C1C(O)=O)C1=CC=CC=C1,17.670292,548.15
CCOC(=O)NC1=NC(N)=C(C(NC(C)C(O)C2=CC=CC=C2)=C1)[N+]([O-])=O,14.972221,548.15
COC1=C(OC)C=C2C(=C1)N=CN=C2N1CCC2=CC=C(C=C12)[N+]([O-])=O,5.8105707,548.15
O=c1[nH]c(n[nH]1)[N+](=O)[O-],61.35948,548.7
O=[N+](C1=C(N([H])[H])N2N=C([H])N=C2N=N1)[O-],41.621845,548.75
N/C(N)=C([N+]([O-])=O)\C1=NC=NC(N)=N1,61.070724,549.15
O=[N+](C1=NN2C(NC3=C([N+]([O-])=O)C([N+]([O-])=O)=NN3CCC2)=C1[N+]([O-])=O)[O-],72.91666,549.15
CC(C(O)=O)C1=CC(=O)NC2=CC=C(C=C12)[N+]([O-])=O,9.108584,550.15
[O-][N+](=O)C1=CC=CC(=C1)C1=CC=CC(=N1)C(=O)NC1=NN=NN1,23.16597,550.15
CC(=O)NC1=C(C=C2CCCC2=C1)[N+]([O-])=O,14.01669,550.15
OC1=C(C2=NN=NN2C2=NC=CC=C12)[N+]([O-])=O,12.815003,551.15
[H]C(N([N+]([O-])=O)C([H])(N1[N+]([O-])=O)[H])(N(C([H])(N([N+]([O-])=O)C1([H])[H])[H])[N+]([O-])=O)[H],65.58268,551.65
CCCNC1=CN=CC(=N1)C(=O)NC1=NN=NN1,30.965694,551.95
CN1C(=NC=C1[N+]([O-])=O)C1=NN=C(N)N1,75.76747,552.15
CCCCC1=CC(=NC(=C1)C1=CC=C(C=C1)[N+]([O-])=O)C(=O)NC1=NN=NN1,20.328396,552.15
CC1=C(C(C)=C2C(=O)C(=O)NC2=C1)[N+]([O-])=O,20.369698,552.15
CC1=C(NC2=CN=CC(=N2)C(=O)NC2=NN=NN2)C=CC=C1,18.43087,552.65
CC(C)(C)N1C=C(C(O)=O)C2=CC(=CN=C12)[N+]([O-])=O,36.229324,552.65
COC1=CC(=NC(=C1)C1=CC=C(C=C1)[N+]([O-])=O)C(=O)NC1=NN=NN1,20.328396,553.15
O=C1N(C=NC2=CC3=C(OCO3)C=C12)C1=NN=NN1,11.691949,553.15
NNC1=CC=C(C=C1)[N+]([O-])=O,19.435127,553.15
O=[N+](C1=C(C(N(CCC2)N=C3[N+]([O-])=O)=C3[N+]([O-])=O)N2N=C1[N+]([O-])=O)[O-],71.17945,553.15
CN(C)CCC1=C(C(N)=C(C=C1)C(O)=O)[N+]([O-])=O,6.443616,554.15
O=C(NC1=NN=NN1)C=CC1=CNC2=CC=CC=C12,27.409462,554.15
O=C(NC1=NN=NN1)C=CC1=NC2=CC=CC=C2C=C1,14.915888,554.15
NC1=C(C(C(O)=O)=C(C(N)=C1[N+]([O-])=O)[N+]([O-])=O)[N+]([O-])=O,5.724642,554.15
CCCCC1=NC2=C(N1CC1=CC=C3N=C(N(C)C(=O)C3=C1)C1=C(C=CC=C1)C1=NN=NN1)C(=CC=C2)C(O)=O,8.168352,554.15
O=[N+](C(C([N+]([O-])=O)=NN1N=NN=C12)=C2N([H])[H])[O-],29.765053,554.15
CC1=CC=CC(NC2=CN=CC(=N2)C(=O)NC2=NN=NN2)=C1,27.706478,554.35
O=C(NC1=NN=NN1)C1=CC=CO1,68.18355,554.65
CC(C)OC1=C(C=CC=C1)C1=NC=C(C2=NN=NN2)C(=O)N1,17.709053,555.65
OC(=O)C1=CNC2=NC=C(C=C12)[N+]([O-])=O,35.939217,556.65
O=[N+](C1=C2C([N+](C([H])([H])[H])=N1)=N[N+](N=C2N([H])[H])=O)[O-],72.69425,557.05
OC(=O)C1=C(N=[N+]=[N-])C2=CC=CC=C2N=C1,10.320284,557.15
[O-][N+](=O)C1=C(C=C2NC(=O)NC2=O)C=C(C=C1)N1CCCCC1,9.401203,557.15
O=CC1=CC=C2OC=C(C3=NN=NN3)C(=O)C2=C1,4.5677443,557.65
CCCCC1=CN2C(C=C1)=NC=C(C1=NN=NN1)C2=O,22.82576,557.65
CC1=CC(=NC(=C1)C1=CC=C(C=C1)[N+]([O-])=O)C(=O)NC1=NN=NN1,20.328396,557.65
CC1=C(C)C(=C2NC(=O)C(=O)NC2=C1)[N+]([O-])=O,15.055176,558.15
O=[N+](C1=CNN=C1[N+]([O-])=O)[O-],80.45714,558.15
[O-][N+](=O)N1CN([N+](=O)[O-])CN([N+](=O)[O-])CN([N+](=O)[O-])C1,61.384377,558.2
NNC(=O)C1=CN(N=C1C1=CC=C(O1)[N+]([O-])=O)C1=CC=CC=C1,24.570274,558.65
[O-][N+](=O)C1=CC2=C(C=C1CN1C=CN=C1)N=NN2,13.561171,559.15
CCCC1=C(OCC2=CC=CN3C(=N)C(=CN=C23)C2=NN=NN2)C=CC(C(C)=O)=C1O,7.6909146,559.15
COC1=C(OC)C=C2C(CCN3C(=O)C(=CN=C23)C2=NN=NN2)=C1,7.963259,560.15
OC(=O)C1=CC2=C(OC(=C2C2=CC=CC=C2)[N+]([O-])=O)C2=CC=CC=C12,7.4048805,560.15
COC1=CC(=NC(=C1)C1=CC=C(NC(C)=O)C=C1)C(=O)NC1=NN=NN1,20.987562,560.15
O=[N+](C1=C(N([H])[H])N(N=C1N(C(C([N+]([O-])=O)=C2[H])=C(C([H])=C2[N+]([O-])=O)[N+]([O-])=O)[H])[H])[O-],15.011663,560.15
CCN(CC)CC(=O)N1CCC2=C(C1)C1=C(NC(=O)C(=O)N1)C=C2[N+]([O-])=O,7.805401,560.65
CN1C=C(C2=CC3=CC=CN=C3N2)C2=CC(=CC=C12)C1=NN=NN1C,23.323969,560.65
CCN1C2=C(C=CC=C2)C2=C1C(=O)C=C(O2)C(=O)NC1=NN=NN1,17.911638,561.15
CN1C=C(C=NN2CC(=O)NC2=O)C(=N1)C1=CC=C(O1)[N+]([O-])=O,68.925,562.15
CCC1=CC=CN2C(=O)C(=CN=C12)C1=NN=NN1,23.240076,562.15
CC1=CC(=NC(=C1)C1=CC(=CC=C1)[N+]([O-])=O)C(=O)NC1=NN=NN1,23.166656,562.15
[O-][N+](=O)C1=C(C=C2NC(=O)NC2=O)C=C(C=C1)N1CCCC1,8.961036,562.15
OC(=O)CC1=CC2=C(OC(=C2C2=CC=C(C=C2)C(O)=O)[N+]([O-])=O)C=C1,14.832821,563.15
OC(=O)C1=CC(C(O)=O)=C(C(=C1)C(O)=O)[N+]([O-])=O,9.323046,563.15
CN1C2=C(C=C(C)C=C2)C2=C1C(=O)C=C(O2)C(=O)NC1=NN=NN1,18.051311,563.15
CC1=CC(C2=NN=NN2)=C(O)C(=C1)C(O)=O,5.306075,564.15
O=C1N2C=CC3=C(CCCC3)C2=NC=C1C1=NN=NN1,17.094526,564.15
CC1COC2=C(C=C(C3=C2N1C=C(C(O)=O)C3=O)[N+]([O-])=O)C1=CC=C(C=C1)[N+]([O-])=O,13.496511,564.15
O=C(NC1=NN=NN1)C1=NC(NC2=CC=CC=C2)=CN=C1,28.865974,564.95
CC1=CC=C(NC2=CN=CC(=N2)C(=O)NC2=NN=NN2)C=C1,23.736273,564.95
CN1C(=CN=C1C1=CNN(N)O1)[N+]([O-])=O,78.87677,565.15
COC1=C(C(N)=O)C(=C(OC)C(C(N)=O)=C1[N+]([O-])=O)[N+]([O-])=O,11.258992,565.15
COC1=CC=C(NC2=CN=CC(=N2)C(=O)NC2=NN=NN2)C=C1,21.21437,565.65
O=C(NC1=NN=NN1)C1=NC=CN=C1,32.101543,566.65
CCC1=NC(N)=C2C(=NN(C)C2=N1)C1=CC=C(O1)[N+]([O-])=O,68.3371,567.15
CN1C2=C(OC(=CC2=O)C(=O)NC2=NN=NN2)C2=C1C(=CC(=C2)[N+]([O-])=O)[N+]([O-])=O,17.987068,567.15
COC(=O)C1=C(C)NC2=C(C1C1=C(C=CC=C1)[N+]([O-])=O)C(=O)NC=C2,14.358143,567.15
O=C(NC1=NN=NN1)C=CC1=CC=CN=C1,28.23975,567.15
CC1(C)C(=O)NC2=CC=C(C=C12)C1(C=CC=N1)[N+]([O-])=O,24.392467,567.15
OC1=CC(=O)N(C2=CC(=CC=C2)[N+]([O-])=O)C2=NC=CC=C12,12.13689,567.15
COC1=CC(C=C2NC(=O)NC2=O)=C(C=C1)[N+]([O-])=O,8.682394,567.65
CN1C2=C(C=CC=C2)C2=C1C(=O)C=C(O2)C(=O)NC1=NN=NN1,18.059034,568.15
CN1C2=C(C=C(C=C2)[N+]([O-])=O)C2=C1C(=O)C=C(O2)C(=O)NC1=NN=NN1,18.051311,568.15
OC(=O)C1=C2NCCC2=CC(=C1)[N+]([O-])=O,24.809053,568.65
CN(C)CCCC(=O)N1CCC2=C(C1)C1=C(NC(=O)C(=O)N1)C=C2[N+]([O-])=O,7.805401,570.65
NC(=O)C1=CC2=CC=CC(=C2N1)[N+]([O-])=O,30.187906,570.65
CNC(=O)C1=C(OC)C(=C(C(=O)NC)C(OC)=C1[N+]([O-])=O)[N+]([O-])=O,10.169012,571.15
OC1=C(C=NC2=CC=C(C=C12)C1=CC=CC=C1)[N+]([O-])=O,11.152925,571.15
O=[N+](C1=CN(COCN2N=C(C([N+]([O-])=O)=C2)[N+]([O-])=O)N=C1[N+]([O-])=O)[O-],77.44177,571.15
O=[N+](C1=NON=C1C2=NNC(C3=NC(C4=NON=C4[N+]([O-])=O)=NN3)=N2)[O-],79.8835,571.15
CC(O)COC1=CC=CC2=C1C(=O)C=C(O2)C1=NN=NN1,7.7414703,572.15
OC(=O)C1=CC=C(C=C2CCN3C2=NC2=C(C=CC(=C2)[N+]([O-])=O)C3=O)C=C1,7.1188393,572.15
CC1=CC2=NC=C(C3=NN=NN3)C(=O)N2C=C1,22.336433,572.15
O=[N+](C1=NN(COCN2N=C(C=C2[N+]([O-])=O)[N+]([O-])=O)C([N+]([O-])=O)=C1)[O-],78.38485,572.15
CN1N=NC(=N1)C1=CC=C2N(C)C=C(C3=CC4=CC=CN=C4N3)C2=C1,25.263107,572.65
CN1N=C(C2=CC=C(O2)[N+]([O-])=O)C2=C(N)N=C(C)N=C12,68.3371,573.15
OC(=O)C1=CC=C(C=C1)N1C(=O)C2=CC=CC(N=[N+]=[N-])=C2C1=O,14.214767,573.15
CN1C(=O)C(=O)NC2=C1C1=C(C(=CC=C1)[N+]([O-])=O)C(=C2)[N+]([O-])=O,8.785404,573.15
CC1=CN2C=CC=C(C2=N1)[N+]([O-])=O,31.63096,573.15
[O-][N+](=O)C1=C(C=C2N3C(=O)NN=C3C(=O)NC2=C1)N1C=CN=C1,2.5558426,573.15
[O-][N+](=O)C1=C(C=C2N3C(=O)NN=C3C(=O)NC2=C1)N1C=NC2=C1C=CC=C2,1.8745341,573.15
OC(=O)CCC1=NN=C2N1C1=CC=C(C=C1NC2=O)[N+]([O-])=O,11.052129,573.15
CCC1=NC2=CC=NN2C(NC2=CC=C(C=C2)C(=O)NC2=C(C=CC=C2)C2=NN=NN2)=C1,14.783727,573.15
[O-][N+](=O)C1=CC=CC2=C1C(=O)C1=C(N3C=CC=CC3=N1)C2=O,12.948023,573.15
OC(=O)C1=CC=C(NC(=O)NCC2=CNC(=N2)C2=C(C=C3NC(=O)C(=NC3=C2)C(O)=O)[N+]([O-])=O)C=C1,5.0458174,573.15
O=[N+](C(C=C1[N+]([O-])=O)=NN1C2=NNC=N2)[O-],80.49271,573.15
O=[N+]([O-])C1=C(C2=C([N+]([O-])=O)C(N([H])[H])=C([N+]([O-])=O)C(N([H])[H])=C2[N+]([O-])=O)C([N+]([O-])=O)=C(N([H])[H])C([N+]([O-])=O)=C1N([H])[H],16.66344,573.15
NC1=N[N+]([O-])=NC2=C([N+]([O-])=O)C=NN21,77.759254,575.15
[O-][N+]1=C2C3=NON=C3N(C4=C([N+]([O-])=O)C(N)=C([N+]([O-])=O)C(N)=C4[N+]([O-])=O)C5=NON=C5C2=NO1,10.432018,575.15
O=[N+](N=C1N([H])[H])N=C2[N+]1=NC([H])=C2[N+]([O-])=O,74.50226,575.15
CC(=O)NNC1=NC2=CC=C(C=C2C(=N1)C1=CC=CC=C1)[N+]([O-])=O,4.290881,575.65
C[C@H](N1C(=O)C2=CC=CC3=CC(=CC(C1=O)=C23)[N+]([O-])=O)C(=O)NCCNC(=O)[C@H](C)N1C(=O)C2=CC=CC3=CC(=CC(C1=O)=C23)[N+]([O-])=O,7.8087316,575.65
COC1=C(OC)C(=C2C(CC(=CC3=CC(C)=C(O)C(C)=C3)C2=O)=C1)[N+]([O-])=O,20.036274,576.15
[O-][N+](=O)C1=CC=C(C=C1)C1=CC=CC(=N1)C(=O)NC1=NN=NN1,20.333786,576.65
CC(=O)OC1=CC=C2C=C(C(=O)OC2=C1OC(C)=O)C1=CC=C(C=C1)[N+]([O-])=O,10.340908,576.65
NC(=O)C1=NC(=CC(O)=C1)C1=CC=C(C=C1)[N+]([O-])=O,20.328396,577.15
OC1=C([N+]([O-])=O)C=C([N+]([O-])=O)C=C1[N+]([O-])=O,13.497526,578.1
CN1N=C(C2=CC=C(O2)[N+]([O-])=O)C2=C(N)N=CN=C12,68.3371,578.15
CC1=CN2C(C=C1)=NC=C(C1=NN=NN1)C2=O,22.762272,578.15
CCOC(=O)C1=CC2=C(NC3=CC=C(C(N4CCCCC4)=C23)[N+]([O-])=O)C=N1,17.971725,580.15
O=[N+](C1=NN2C(C3=NC([N+]([O-])=O)=NN3CC2)=N1)[O-],68.8702,580.15
O=[N+](C1=NN2C(NC3=C([N+]([O-])=O)C([N+]([O-])=O)=NN3CC2)=C1[N+]([O-])=O)[O-],70.10446,580.15
[O-][N+](=O)C12CN3CN(CN(C3)C1)C2,79.60581,580.65
CC1=NC=C2CC3=C(C=C4OCOC4=C3)C(=NN12)C1=CC=C(C=C1)[N+]([O-])=O,15.489309,580.65
O=C1N2C=C(C=CC2=NC=C1C1=NN=NN1)C1=CC=CC=C1,22.434292,581.65
CC1=CN2C(=O)C(=CN=C2C(C)=C1)C1=NN=NN1,22.668747,581.65
OC1=C([N+]([O-])=O)C=CC=C1[N+]([O-])=O,13.9135275,582.1
CCC1=CC=C2N=CC(=C(O)C2=C1)[N+]([O-])=O,10.547389,582.15
CC(=O)NC1=CC=C(C=C1)C1=CC(C)=CC(=N1)C(=O)NC1=NN=NN1,21.169453,582.65
CC1(C)C2=CC=C(C=C2C2=C1C1=CC=CC(C(O)=O)=C1N2)[N+]([O-])=O,19.851141,583.15
CC1=CC=CN2C(=O)C(=CN=C12)C1=NN=NN1,23.492249,583.65
CCOC(=O)C1=C(O)C2=CC=CN=C2N(C2=CC(=CC=C2)[N+]([O-])=O)C1=O,13.135021,583.65
O=C1N2C=CC=CC2=NC=C1C1=NN=NN1,22.14543,584.65
OC1=CC=C([N+]([O-])=O)C=C1[N+]([O-])=O,10.394428,585.1
CC1=CC=C([N+]([O-])=O)C=C1[N+]([O-])=O,11.278373,586.1
COC1=CC(OC)=C(C(C2=NN=C(O2)C2=C(C(OC)=CC(OC)=C2[N+]([O-])=O)[N+]([O-])=O)=C1[N+]([O-])=O)[N+]([O-])=O,10.891374,588.15
[O-][N+](=O)C1=CC(=C(C2=NN=C(O2)C2=C(C=C(C=C2[N+]([O-])=O)[N+]([O-])=O)[N+]([O-])=O)C(=C1)[N+]([O-])=O)[N+]([O-])=O,15.504295,591.15
[O-][N+](=O)C1=C(CC2=NNC3=C2C(=O)N(C2=CC=CC=C2)C2=C3C=CC=N2)C=CC=C1,14.958273,592.15
N1C=CN=C1C1=NN=NN1,78.510216,593.65
CCOC(=O)C1=CC2=C(NC3=CC(=CC=C23)[N+]([O-])=O)C=N1,17.570742,594.15
CN1C(=O)C(=O)NC2=C1C=C(C1=C2C=CC=C1[N+]([O-])=O)[N+]([O-])=O,8.244979,598.15
OC1=CC2=C(C=C1O)C1=CC(O)=C(O)C=C1C(=O)N2CC1=CC=C(C=C1)[N+]([O-])=O,5.1228857,598.15
O=[N+]1N=C2[N+]([H])=NC([N+]([O-])=O)=C2C(N([H])[H])=N1,71.61575,599.95
COC1=C2N=C3C(C=CC=C3C(=O)NC3=NN=NN3)=NC2=CC=C1,7.9568095,600.65
O=[N+](C1=NN2C(C3=NC([N+]([O-])=O)=NN3CCC2)=N1)[O-],72.20404,601.15
O=[N+](C1=CC([N+]([O-])=O)=NN1CN2N=C([N+]([O-])=O)C=C2[N+]([O-])=O)[O-],78.13245,603.15
CC1=C([N+]([O-])=O)C=C([N+]([O-])=O)C(C)=C1[N+]([O-])=O,12.8178835,603.3
[O-][N+](=O)c1c(c([N+](=O)[O-])cc([N+](=O)[O-])c1C)C,63.741745,603.3
COC1=CC=C([N+]([O-])=O)C=C1[N+]([O-])=O,9.488983,604.1
O=[N+](C1=C(N)C([N+]([O-])=O)=C(N)C([N+]([O-])=O)=C1)[O-],20.415825,606.1
CN1C(=O)NC(=O)C1=CC1=C(C)C=CC=C1[N+]([O-])=O,12.259,613.65
CC1=CC=C([N+]([O-])=O)C([N+]([O-])=O)=C1,39.590378,614.1
CCOC(=O)C1=CC2=C(NC3=C(C=C(C=C23)[N+]([O-])=O)[N+]([O-])=O)C=N1,24.555595,616.15
[H]c1c([N+]([O-])=O)c(/C([H])=C(c2c([N+]([O-])=O)cc([N+]([O-])=O)c([H])c2[N+]([O-])=O)\[H])c([N+]([O-])=O)c([H])c1[N+]([O-])=O,13.342919,620.8
[O-][N+](=O)C1=CC=C2N=C3N(C4=CC=CC=C4C3=O)C(=O)C2=C1,6.7462425,622.15
NC(=O)NC1=C(C(N)=C(C(N)=C1[N+]([O-])=O)[N+]([O-])=O)[N+]([O-])=O,13.386538,623.15
O=[N+](C1=NNC([N+]([O-])=O)=C1CCC2=C([N+]([O-])=O)NN=C2[N+]([O-])=O)[O-],70.88474,624.15
C1(=C(N=C(C(=[N+]1[O-])N)[N+](=O)[O-])N(O)[O])N,36.143585,627.1
NC1=CC(N2C=CC(=O)C=C2)=C(C=C1[N+]([O-])=O)C#N,7.259186,628.65
CCCCC1=NC2=C(N1CC1=CC=C(C=C1)C1=C(C=CC=C1)C1=NN=NN1)C(=CC=C2)C(O)=O,20.617401,629.65
CC1=C([N+]([O-])=O)C=CC=C1[N+]([O-])=O,15.896301,629.9
O=C(O)C1=CC([N+]([O-])=O)=CC([N+]([O-])=O)=C1,19.604244,632.6
[O-][N+](=O)C12CC3(CC(C1)(CC(C2)(C3)[N+]([O-])=O)[N+]([O-])=O)[N+]([O-])=O,77.479294,633.15
O=[N+](C1=C(NC(N=C(NC2=C([N+]([O-])=O)C=C([N+]([O-])=O)C=C2[N+]([O-])=O)C([N+]([O-])=O)=C3)=C3[N+]([O-])=O)C([N+]([O-])=O)=CC([N+]([O-])=O)=C1)[O-],14.832294,633.15
O=[N+](C(C(N([H])[H])=N1)=C2N1C(N([H])[H])=C([N+]([O-])=O)C(N([H])[H])=N2)[O-],34.806557,637.15
[O-][N+](=O)C1=C(C=C2N3C(=O)NN=C3C(=O)NC2=C1)N1C=NC(=C1)C1=CC=CC=C1,2.6528277,638.15
O=[N+](C1=CNN=C1C2=NNC=C2[N+]([O-])=O)[O-],80.12954,638.15
CC1=CC=CC([N+]([O-])=O)=C1[N+]([O-])=O,7.9887953,641.1
O=[N+](C1=C(NC2=C([N+]([O-])=O)C=C([N+]([O-])=O)C=C2[N+]([O-])=O)N=C(NC3=C([N+]([O-])=O)C=C([N+]([O-])=O)C=C3[N+]([O-])=O)C([N+]([O-])=O)=C1)[O-],14.832293,643.6
NC1=CC=C([N+]([O-])=O)C=C1[N+]([O-])=O,14.838984,645.1
O=[N+](C1=C(N)C([N+]([O-])=O)=C(N)C([N+]([O-])=O)=C1N)[O-],14.166497,652.2
[O-][N+](C1=CC([N+]([O-])=O)=CC([N+]([O-])=O)=C1Cl)=O,11.88293,653.1
NC(=O)C1=C(OC2=C1C(O)=NC=N2)C1=CC(=CC=C1)[N+]([O-])=O,21.68475,653.15
NC1=C([N+]([O-])=O)C=CC=C1[N+]([O-])=O,16.062551,659.1
O=[N+](C1=C(Cl)C=C(Cl)C([N+]([O-])=O)=C1Cl)[O-],5.349934,676.1
O=[N+](C1=CC([N+]([O-])=O)=CC([N+]([O-])=O)=C1)[O-],62.255104,685.3
